input technique,input type,subject id,timestamp,time needed in ms,input
default,key pressed,1,2017-06-21 14:34:46.860532,0.000029,"t"
default,key pressed,1,2017-06-21 14:34:46.864486,0.006319,"h"
default,key pressed,1,2017-06-21 14:34:46.921144,0.055556,"e"
default,key pressed,1,2017-06-21 14:34:47.110041,0.188906," "
default,key pressed,1,2017-06-21 14:34:47.431336,0.315463,"f"
default,word typed,1,2017-06-21 14:34:47.431536,0.573405,"the f"
default,key pressed,1,2017-06-21 14:34:47.574596,0.143249,"i"
default,key pressed,1,2017-06-21 14:34:47.681289,0.106665,"v"
default,key pressed,1,2017-06-21 14:34:47.856695,0.175376,"e"
default,key pressed,1,2017-06-21 14:34:48.048160,0.191405," "
default,key pressed,1,2017-06-21 14:34:48.746205,0.698043,"b"
default,word typed,1,2017-06-21 14:34:48.746361,1.314818,"ive b"
default,key pressed,1,2017-06-21 14:34:48.913343,0.167103,"o"
default,key pressed,1,2017-06-21 14:34:49.460043,0.546674,"x"
default,key pressed,1,2017-06-21 14:34:49.609145,0.149068,"i"
default,key pressed,1,2017-06-21 14:34:49.724724,0.115554,"n"
default,key pressed,1,2017-06-21 14:34:49.925180,0.199697,"g"
default,word typed,1,2017-06-21 14:34:49.925378,1.179001,"oxing"
default,key pressed,1,2017-06-21 14:34:50.175174,0.249978," "
default,key pressed,1,2017-06-21 14:34:50.446117,0.270918,"w"
default,key pressed,1,2017-06-21 14:34:50.599147,0.153000,"i"
default,key pressed,1,2017-06-21 14:34:50.916427,0.317217,"z"
default,key pressed,1,2017-06-21 14:34:51.041226,0.124779,"a"
default,word typed,1,2017-06-21 14:34:51.041305,1.115928," wiza"
default,key pressed,1,2017-06-21 14:34:51.232590,0.191334,"r"
default,key pressed,1,2017-06-21 14:34:51.376714,0.144095,"d"
default,key pressed,1,2017-06-21 14:34:51.498696,0.121952,"s"
default,key pressed,1,2017-06-21 14:34:51.757368,0.258644," "
default,key pressed,1,2017-06-21 14:34:52.373772,0.616376,"j"
default,word typed,1,2017-06-21 14:34:52.373889,1.332537,"rds j"
default,key pressed,1,2017-06-21 14:34:52.561195,0.187383,"u"
default,key pressed,1,2017-06-21 14:34:52.737426,0.176172,"m"
default,key pressed,1,2017-06-21 14:34:52.913622,0.176181,"p"
default,key pressed,1,2017-06-21 14:34:53.591350,0.677703," "
default,key pressed,1,2017-06-21 14:34:54.054686,0.463303,"q"
default,word typed,1,2017-06-21 14:34:54.054769,1.680873,"ump q"
default,key pressed,1,2017-06-21 14:34:54.181587,0.126867,"u"
default,key pressed,1,2017-06-21 14:34:54.299276,0.117667,"i"
default,key pressed,1,2017-06-21 14:34:54.456401,0.157095,"c"
default,key pressed,1,2017-06-21 14:34:54.597357,0.140877,"k"
default,key pressed,1,2017-06-21 14:34:54.791972,0.194635,"l"
default,word typed,1,2017-06-21 14:34:54.792049,0.737273,"uickl"
default,key pressed,1,2017-06-21 14:34:54.904464,0.112466,"y"
default,key pressed,1,2017-06-21 14:34:55.517527,0.613035,"+"
default,key pressed,1,2017-06-21 14:34:56.406254,0.888694,"y"
default,sentence typed,1,2017-06-21 14:34:56.566375,9.708204,"the five boxing wizards jump quickly"
default,key pressed,1,2017-06-21 14:34:57.953965,1.537234,"t"
default,key pressed,1,2017-06-21 14:34:58.069100,0.117062,"h"
default,key pressed,1,2017-06-21 14:34:58.206166,0.137041,"e"
default,key pressed,1,2017-06-21 14:34:58.701642,0.495446," "
default,key pressed,1,2017-06-21 14:34:59.294109,0.592436,"q"
default,word typed,1,2017-06-21 14:34:59.294289,4.502222,"the q"
default,key pressed,1,2017-06-21 14:34:59.416578,0.122426,"u"
default,key pressed,1,2017-06-21 14:34:59.642288,0.225686,"i"
default,key pressed,1,2017-06-21 14:34:59.716689,0.074372,"c"
default,key pressed,1,2017-06-21 14:34:59.860815,0.144097,"k"
default,key pressed,1,2017-06-21 14:35:00.004655,0.143811," "
default,word typed,1,2017-06-21 14:35:00.004745,0.710451,"uick "
default,key pressed,1,2017-06-21 14:35:00.419480,0.413143,"b"
default,key pressed,1,2017-06-21 14:35:00.544625,0.125121,"r"
default,key pressed,1,2017-06-21 14:35:00.712936,0.168281,"o"
default,key pressed,1,2017-06-21 14:35:00.802615,0.089608,"w"
default,key pressed,1,2017-06-21 14:35:01.051285,0.248658,"n"
default,word typed,1,2017-06-21 14:35:01.051401,1.046643,"brown"
default,key pressed,1,2017-06-21 14:35:01.316122,0.264810," "
default,key pressed,1,2017-06-21 14:35:02.057630,0.738310,"f"
default,key pressed,1,2017-06-21 14:35:02.073846,0.018175,"o"
default,key pressed,1,2017-06-21 14:35:02.200922,0.124593,"x"
default,key pressed,1,2017-06-21 14:35:02.300060,0.099129," "
default,word typed,1,2017-06-21 14:35:02.300156,1.248746," fox "
default,key pressed,1,2017-06-21 14:35:02.853005,0.552915,"j"
default,key pressed,1,2017-06-21 14:35:03.038445,0.185413,"u"
default,key pressed,1,2017-06-21 14:35:03.226433,0.187959,"m"
default,key pressed,1,2017-06-21 14:35:03.434186,0.207722,"p"
default,key pressed,1,2017-06-21 14:35:03.551727,0.117516,"s"
default,word typed,1,2017-06-21 14:35:03.551804,1.251643,"jumps"
default,key pressed,1,2017-06-21 14:35:03.710078,0.158322," "
default,key pressed,1,2017-06-21 14:35:03.759469,0.049358,"o"
default,key pressed,1,2017-06-21 14:35:04.021395,0.261893,"v"
default,key pressed,1,2017-06-21 14:35:04.345728,0.324252,"r"
default,key pressed,1,2017-06-21 14:35:04.968095,0.622350," "
default,word typed,1,2017-06-21 14:35:04.968172,1.416360," ovr "
default,key pressed,1,2017-06-21 14:35:05.239013,0.270883,"h"
default,key pressed,1,2017-06-21 14:35:05.670947,0.431910," "
default,key pressed,1,2017-06-21 14:35:05.885601,0.214623,"t"
default,key pressed,1,2017-06-21 14:35:05.962120,0.076488,"h"
default,key pressed,1,2017-06-21 14:35:06.106048,0.143899,"e"
default,word typed,1,2017-06-21 14:35:06.106130,1.137948,"r the"
default,key pressed,1,2017-06-21 14:35:06.243837,0.137760," "
default,key pressed,1,2017-06-21 14:35:06.550361,0.306459,"l"
default,key pressed,1,2017-06-21 14:35:06.701009,0.143012,"a"
default,key pressed,1,2017-06-21 14:35:06.911989,0.213055,"z"
default,key pressed,1,2017-06-21 14:35:07.061087,0.149072,"y"
default,word typed,1,2017-06-21 14:35:07.061349,0.955200," lazy"
default,key pressed,1,2017-06-21 14:35:07.208805,0.147689," "
default,key pressed,1,2017-06-21 14:35:07.374031,0.165197,"d"
default,key pressed,1,2017-06-21 14:35:07.485852,0.111794,"o"
default,key pressed,1,2017-06-21 14:35:07.573436,0.087554,"f"
default,key pressed,1,2017-06-21 14:35:08.027868,0.454399,"o"
default,word typed,1,2017-06-21 14:35:08.027960,0.966607,"zy do"
default,key pressed,1,2017-06-21 14:35:08.164763,0.136852,"g"
default,sentence typed,1,2017-06-21 14:35:08.297495,11.731086,"the quick brown fox jumps ovr the lazy dog"
default,key pressed,1,2017-06-21 14:35:09.894093,1.729303,"j"
default,key pressed,1,2017-06-21 14:35:09.957309,0.063189,"a"
default,key pressed,1,2017-06-21 14:35:10.073390,0.116050,"c"
default,key pressed,1,2017-06-21 14:35:10.192949,0.119534,"k"
default,key pressed,1,2017-06-21 14:35:10.345999,0.153023,"d"
default,word typed,1,2017-06-21 14:35:10.346068,2.318105,"jackd"
default,key pressed,1,2017-06-21 14:35:10.550469,0.204377,"a"
default,key pressed,1,2017-06-21 14:35:10.801333,0.250846,"w"
default,key pressed,1,2017-06-21 14:35:11.006392,0.204963,"s"
default,key pressed,1,2017-06-21 14:35:11.237404,0.230998," "
default,key pressed,1,2017-06-21 14:35:11.879014,0.641485,"l"
default,word typed,1,2017-06-21 14:35:11.879133,1.533037,"aws l"
default,key pressed,1,2017-06-21 14:35:12.067161,0.188100,"o"
default,key pressed,1,2017-06-21 14:35:12.185036,0.117851,"v"
default,key pressed,1,2017-06-21 14:35:12.324994,0.139928,"e"
default,key pressed,1,2017-06-21 14:35:12.418886,0.093857," "
default,key pressed,1,2017-06-21 14:35:12.607057,0.188133,"m"
default,word typed,1,2017-06-21 14:35:12.607137,0.728007,"ove m"
default,key pressed,1,2017-06-21 14:35:12.700555,0.093474,"y"
default,key pressed,1,2017-06-21 14:35:12.889049,0.188462," "
default,key pressed,1,2017-06-21 14:35:13.273898,0.384818,"b"
default,key pressed,1,2017-06-21 14:35:13.451153,0.177225,"i"
default,key pressed,1,2017-06-21 14:35:13.561610,0.110425,"g"
default,word typed,1,2017-06-21 14:35:13.561752,0.954598,"y big"
default,key pressed,1,2017-06-21 14:35:13.682745,0.121105," "
default,key pressed,1,2017-06-21 14:35:13.931504,0.248730,"s"
default,key pressed,1,2017-06-21 14:35:14.041048,0.109516,"p"
default,key pressed,1,2017-06-21 14:35:14.286056,0.244974,"h"
default,key pressed,1,2017-06-21 14:35:14.421864,0.135782,"i"
default,word typed,1,2017-06-21 14:35:14.421941,0.860185," sphi"
default,key pressed,1,2017-06-21 14:35:14.564000,0.142103,"n"
default,key pressed,1,2017-06-21 14:35:14.987007,0.422977,"x"
default,key pressed,1,2017-06-21 14:35:15.106589,0.119556," "
default,key pressed,1,2017-06-21 14:35:16.282261,1.175636,"o"
default,key pressed,1,2017-06-21 14:35:16.530936,0.248651,"f"
default,word typed,1,2017-06-21 14:35:16.531014,2.109066,"nx of"
default,key pressed,1,2017-06-21 14:35:16.654634,0.123669," "
default,key pressed,1,2017-06-21 14:35:16.879393,0.224732,"q"
default,key pressed,1,2017-06-21 14:35:17.127097,0.247676,"u"
default,key pressed,1,2017-06-21 14:35:17.255869,0.128680,"a"
default,key pressed,1,2017-06-21 14:35:17.483576,0.227697,"r"
default,word typed,1,2017-06-21 14:35:17.483970,0.952931," quar"
default,key pressed,1,2017-06-21 14:35:17.622671,0.139058,"t"
default,key pressed,1,2017-06-21 14:35:17.800891,0.178194,"z"
default,sentence typed,1,2017-06-21 14:35:18.113290,9.815770,"jackdaws love my big sphinx of quartz"
default,key pressed,1,2017-06-21 14:35:19.546316,1.745401,"h"
default,key pressed,1,2017-06-21 14:35:19.994172,0.442089,""
default,key pressed,1,2017-06-21 14:35:20.285642,0.291462,"t"
default,key pressed,1,2017-06-21 14:35:20.426513,0.140831,"h"
default,key pressed,1,2017-06-21 14:35:20.561484,0.134951,"e"
default,word typed,1,2017-06-21 14:35:20.561628,3.077653,"the"
default,key pressed,1,2017-06-21 14:35:20.740770,0.179246," "
default,key pressed,1,2017-06-21 14:35:21.449562,0.708761,"q"
default,key pressed,1,2017-06-21 14:35:21.526305,0.076715,"u"
default,key pressed,1,2017-06-21 14:35:21.688519,0.162154,"i"
default,key pressed,1,2017-06-21 14:35:21.794935,0.106378,"c"
default,word typed,1,2017-06-21 14:35:21.795015,1.233384," quic"
default,key pressed,1,2017-06-21 14:35:21.912001,0.117071,"k"
default,key pressed,1,2017-06-21 14:35:22.032838,0.120787," "
default,key pressed,1,2017-06-21 14:35:22.213023,0.180164,"o"
default,key pressed,1,2017-06-21 14:35:22.388427,0.175374,"n"
default,key pressed,1,2017-06-21 14:35:22.641147,0.252695,"y"
default,word typed,1,2017-06-21 14:35:22.641237,0.846202,"k ony"
default,key pressed,1,2017-06-21 14:35:23.326321,0.685149,"x"
default,key pressed,1,2017-06-21 14:35:23.497271,0.170916," "
default,key pressed,1,2017-06-21 14:35:24.169876,0.672580,"g"
default,key pressed,1,2017-06-21 14:35:24.353163,0.183260,"o"
default,key pressed,1,2017-06-21 14:35:24.536556,0.179435,"b"
default,word typed,1,2017-06-21 14:35:24.536743,1.895502,"x gob"
default,key pressed,1,2017-06-21 14:35:24.594191,0.057606,"l"
default,key pressed,1,2017-06-21 14:35:24.740227,0.146007,"i"
default,key pressed,1,2017-06-21 14:35:24.900203,0.159952,"n"
default,key pressed,1,2017-06-21 14:35:25.082617,0.182383," "
default,key pressed,1,2017-06-21 14:35:25.341598,0.258892,"k"
default,word typed,1,2017-06-21 14:35:25.341688,0.804942,"lin k"
default,key pressed,1,2017-06-21 14:35:25.794478,0.452858,"u"
default,key pressed,1,2017-06-21 14:35:26.079570,0.285062,"m"
default,key pressed,1,2017-06-21 14:35:26.284980,0.205382,"p"
default,key pressed,1,2017-06-21 14:35:26.543790,0.258783,"s"
default,key pressed,1,2017-06-21 14:35:26.668459,0.124641," "
default,word typed,1,2017-06-21 14:35:26.668536,1.326841,"umps "
default,key pressed,1,2017-06-21 14:35:26.907224,0.238700,"o"
default,key pressed,1,2017-06-21 14:35:27.244710,0.337494,"v"
default,key pressed,1,2017-06-21 14:35:27.450152,0.205412,"e"
default,key pressed,1,2017-06-21 14:35:27.590298,0.140119,"r"
default,key pressed,1,2017-06-21 14:35:27.665985,0.075657," "
default,word typed,1,2017-06-21 14:35:27.666164,0.997611,"over "
default,key pressed,1,2017-06-21 14:35:27.872264,0.206255,"t"
default,key pressed,1,2017-06-21 14:35:27.989226,0.116930,"h"
default,key pressed,1,2017-06-21 14:35:28.093717,0.104465,"e"
default,key pressed,1,2017-06-21 14:35:28.225692,0.131946," "
default,key pressed,1,2017-06-21 14:35:28.453431,0.227709,"l"
default,word typed,1,2017-06-21 14:35:28.453520,0.787352,"the l"
default,key pressed,1,2017-06-21 14:35:28.575280,0.121820,"a"
default,key pressed,1,2017-06-21 14:35:29.086845,0.511536,"z"
default,key pressed,1,2017-06-21 14:35:29.151177,0.064304,"y"
default,key pressed,1,2017-06-21 14:35:29.333542,0.182335," "
default,key pressed,1,2017-06-21 14:35:29.622604,0.289033,"d"
default,word typed,1,2017-06-21 14:35:29.622683,1.169155,"azy d"
default,key pressed,1,2017-06-21 14:35:29.856105,0.233442,"w"
default,key pressed,1,2017-06-21 14:35:30.002224,0.146110,"a"
default,key pressed,1,2017-06-21 14:35:30.192604,0.190365,"r"
default,key pressed,1,2017-06-21 14:35:30.369868,0.177237,"f"
default,sentence typed,1,2017-06-21 14:35:30.623368,12.510042,"the quick onyx goblin kumps over the lazy dwarf"
default,key pressed,1,2017-06-21 14:35:31.938866,1.568963,"m"
default,key pressed,1,2017-06-21 14:35:32.052662,0.113766,"y"
default,key pressed,1,2017-06-21 14:35:32.189440,0.136752," "
default,key pressed,1,2017-06-21 14:35:32.519098,0.329616,"g"
default,key pressed,1,2017-06-21 14:35:32.714494,0.195371,"i"
default,word typed,1,2017-06-21 14:35:32.714588,3.091895,"my gi"
default,key pressed,1,2017-06-21 14:35:32.853446,0.138921,"r"
default,key pressed,1,2017-06-21 14:35:32.973186,0.119704,"l"
default,key pressed,1,2017-06-21 14:35:33.136429,0.163215," "
default,key pressed,1,2017-06-21 14:35:33.274138,0.137654,"w"
default,key pressed,1,2017-06-21 14:35:33.396239,0.122098,"o"
default,word typed,1,2017-06-21 14:35:33.396356,0.681755,"rl wo"
default,key pressed,1,2017-06-21 14:35:33.723649,0.327386,"v"
default,key pressed,1,2017-06-21 14:35:33.888860,0.165144,"e"
default,key pressed,1,2017-06-21 14:35:33.998478,0.109607," "
default,key pressed,1,2017-06-21 14:35:34.412508,0.414003,"s"
default,key pressed,1,2017-06-21 14:35:34.642126,0.229587,"i"
default,word typed,1,2017-06-21 14:35:34.642209,1.245847,"ve si"
default,key pressed,1,2017-06-21 14:35:34.905951,0.263794,"x"
default,key pressed,1,2017-06-21 14:35:35.023888,0.117856," "
default,key pressed,1,2017-06-21 14:35:35.374219,0.350311,"d"
default,key pressed,1,2017-06-21 14:35:35.528379,0.154129,"o"
default,key pressed,1,2017-06-21 14:35:35.764030,0.235622,"z"
default,word typed,1,2017-06-21 14:35:35.764152,1.121892,"x doz"
default,key pressed,1,2017-06-21 14:35:35.840784,0.076708,"e"
default,key pressed,1,2017-06-21 14:35:35.983392,0.142592,"n"
default,key pressed,1,2017-06-21 14:35:36.085947,0.102515," "
default,key pressed,1,2017-06-21 14:35:36.627087,0.541112,"p"
default,key pressed,1,2017-06-21 14:35:36.830587,0.203471,"l"
default,word typed,1,2017-06-21 14:35:36.830701,1.066542,"en pl"
default,key pressed,1,2017-06-21 14:35:36.946145,0.115524,"a"
default,key pressed,1,2017-06-21 14:35:37.107571,0.161402,"i"
default,key pressed,1,2017-06-21 14:35:37.250527,0.142926,"d"
default,key pressed,1,2017-06-21 14:35:37.391133,0.136072," "
default,key pressed,1,2017-06-21 14:35:37.727022,0.331431,"j"
default,word typed,1,2017-06-21 14:35:37.728599,0.897381,"aid j"
default,key pressed,1,2017-06-21 14:35:37.735978,0.008956,"a"
default,key pressed,1,2017-06-21 14:35:37.876179,0.140153,"c"
default,key pressed,1,2017-06-21 14:35:37.960568,0.084369,"k"
default,key pressed,1,2017-06-21 14:35:38.068401,0.107787,"e"
default,key pressed,1,2017-06-21 14:35:38.291818,0.223392,"t"
default,word typed,1,2017-06-21 14:35:38.292137,0.563547,"acket"
default,key pressed,1,2017-06-21 14:35:38.546798,0.254954,"s"
default,key pressed,1,2017-06-21 14:35:38.654184,0.107355," "
default,key pressed,1,2017-06-21 14:35:39.260822,0.606603,"b"
default,key pressed,1,2017-06-21 14:35:39.378417,0.117571,"e"
default,key pressed,1,2017-06-21 14:35:39.602186,0.223740,"f"
default,word typed,1,2017-06-21 14:35:39.602467,1.310320,"s bef"
default,key pressed,1,2017-06-21 14:35:39.737948,0.135737,"o"
default,key pressed,1,2017-06-21 14:35:39.842636,0.104635,"r"
default,key pressed,1,2017-06-21 14:35:39.994512,0.151001,"e"
default,key pressed,1,2017-06-21 14:35:40.116948,0.122417," "
default,key pressed,1,2017-06-21 14:35:40.329272,0.212294,"h"
default,word typed,1,2017-06-21 14:35:40.329354,0.726882,"ore h"
default,key pressed,1,2017-06-21 14:35:40.392757,0.063456,"e"
default,key pressed,1,2017-06-21 14:35:40.521593,0.128812," "
default,key pressed,1,2017-06-21 14:35:40.658613,0.136987,"q"
default,key pressed,1,2017-06-21 14:35:40.792566,0.133924,"u"
default,key pressed,1,2017-06-21 14:35:40.950801,0.158205,"i"
default,word typed,1,2017-06-21 14:35:40.950882,0.621521,"e qui"
default,key pressed,1,2017-06-21 14:35:41.043444,0.092614,"t"
default,sentence typed,1,2017-06-21 14:35:41.329342,10.705945,"my girl wove six dozen plaid jackets before he quit"
default,key pressed,1,2017-06-21 14:35:42.811964,1.761449,"y"
default,key pressed,1,2017-06-21 14:35:43.160510,0.348536,""
default,key pressed,1,2017-06-21 14:35:43.458662,0.298121,"c"
default,key pressed,1,2017-06-21 14:35:43.675066,0.216373,"r"
default,key pressed,1,2017-06-21 14:35:43.870370,0.195271,"y"
default,word typed,1,2017-06-21 14:35:43.870642,2.919739,"cry"
default,key pressed,1,2017-06-21 14:35:44.460563,0.590168,"r"
default,key pressed,1,2017-06-21 14:35:44.722472,0.261878,"a"
default,key pressed,1,2017-06-21 14:35:44.868375,0.145875,"z"
default,key pressed,1,2017-06-21 14:35:45.024569,0.156162,"y"
default,key pressed,1,2017-06-21 14:35:45.237134,0.212533," "
default,word typed,1,2017-06-21 14:35:45.237252,1.366601,"razy "
default,key pressed,1,2017-06-21 14:35:45.945106,0.707945,"f"
default,key pressed,1,2017-06-21 14:35:46.043717,0.098581,"e"
default,key pressed,1,2017-06-21 14:35:46.242023,0.198277,"r"
default,key pressed,1,2017-06-21 14:35:46.619830,0.377778,"e"
default,key pressed,1,2017-06-21 14:35:46.753788,0.133926,"f"
default,word typed,1,2017-06-21 14:35:46.753870,1.516613,"azy f"
default,key pressed,1,2017-06-21 14:35:46.841133,0.087318,"r"
default,key pressed,1,2017-06-21 14:35:46.994410,0.153242,"e"
default,key pressed,1,2017-06-21 14:35:47.200914,0.206466,"d"
default,key pressed,1,2017-06-21 14:35:47.373094,0.172164,"e"
default,key pressed,1,2017-06-21 14:35:47.536240,0.163113,"r"
default,word typed,1,2017-06-21 14:35:47.536371,0.782486,"reder"
default,key pressed,1,2017-06-21 14:35:47.852585,0.316312,"c"
default,key pressed,1,2017-06-21 14:35:47.986202,0.133588,"k"
default,key pressed,1,2017-06-21 14:35:48.422418,0.436193," "
default,key pressed,1,2017-06-21 14:35:49.036953,0.614507,"b"
default,key pressed,1,2017-06-21 14:35:49.206098,0.169113,"o"
default,word typed,1,2017-06-21 14:35:49.206181,1.669804,"ck bo"
default,key pressed,1,2017-06-21 14:35:49.420649,0.214521,"u"
default,key pressed,1,2017-06-21 14:35:50.041517,0.612818,"g"
default,key pressed,1,2017-06-21 14:35:50.047666,0.008919,"h"
default,key pressed,1,2017-06-21 14:35:50.091576,0.039583,"t"
default,key pressed,1,2017-06-21 14:35:50.215282,0.123686," "
default,word typed,1,2017-06-21 14:35:50.215358,1.009170,"ught "
default,key pressed,1,2017-06-21 14:35:50.461844,0.238990,"m"
default,key pressed,1,2017-06-21 14:35:50.488461,0.028616,"a"
default,key pressed,1,2017-06-21 14:35:50.653614,0.149650,"n"
default,key pressed,1,2017-06-21 14:35:50.711341,0.055740,"y"
default,key pressed,1,2017-06-21 14:35:50.874705,0.163344," "
default,word typed,1,2017-06-21 14:35:50.874789,0.659422,"many "
default,key pressed,1,2017-06-21 14:35:51.388592,0.512986,"e"
default,key pressed,1,2017-06-21 14:35:51.755068,0.366475," "
default,key pressed,1,2017-06-21 14:35:51.895120,0.136988,"r"
default,key pressed,1,2017-06-21 14:35:52.718792,0.823660," "
default,key pressed,1,2017-06-21 14:35:53.324073,0.605239,"v"
default,word typed,1,2017-06-21 14:35:53.324155,2.449359,"any v"
default,key pressed,1,2017-06-21 14:35:53.404869,0.080726,"e"
default,key pressed,1,2017-06-21 14:35:53.470121,0.065226,"r"
default,key pressed,1,2017-06-21 14:35:53.790588,0.320441,"y"
default,key pressed,1,2017-06-21 14:35:54.021615,0.230995," "
default,key pressed,1,2017-06-21 14:35:54.184337,0.162694,"e"
default,word typed,1,2017-06-21 14:35:54.184419,0.860256,"ery e"
default,key pressed,1,2017-06-21 14:35:54.522780,0.337318,"x"
default,key pressed,1,2017-06-21 14:35:55.030337,0.507546,"q"
default,key pressed,1,2017-06-21 14:35:55.138717,0.108357,"u"
default,key pressed,1,2017-06-21 14:35:55.300087,0.161341,"i"
default,key pressed,1,2017-06-21 14:35:55.433900,0.133785,"t"
default,word typed,1,2017-06-21 14:35:55.433973,1.249551,"xquit"
default,key pressed,1,2017-06-21 14:35:55.773362,0.339397,"i"
default,key pressed,1,2017-06-21 14:35:55.900391,0.126999,"s"
default,key pressed,1,2017-06-21 14:35:56.114711,0.214236,"i"
default,key pressed,1,2017-06-21 14:35:56.232063,0.117381,"t"
default,key pressed,1,2017-06-21 14:35:56.387525,0.155435,"e"
default,word typed,1,2017-06-21 14:35:56.387600,0.953617,"isite"
default,key pressed,1,2017-06-21 14:35:56.538902,0.151347," "
default,key pressed,1,2017-06-21 14:35:57.576235,1.037258,"o"
default,key pressed,1,2017-06-21 14:35:57.678118,0.101797,"p"
default,key pressed,1,2017-06-21 14:35:57.759891,0.081766,"a"
default,key pressed,1,2017-06-21 14:35:57.976241,0.216324," "
default,word typed,1,2017-06-21 14:35:57.976313,1.588707," opa "
default,key pressed,1,2017-06-21 14:35:58.313559,0.337285,"j"
default,key pressed,1,2017-06-21 14:35:58.585382,0.271748,"e"
default,key pressed,1,2017-06-21 14:35:58.695332,0.109927,"w"
default,key pressed,1,2017-06-21 14:35:58.820255,0.124888,"e"
default,key pressed,1,2017-06-21 14:35:58.964818,0.144537,"i"
default,word typed,1,2017-06-21 14:35:58.964903,0.988579,"jewei"
default,key pressed,1,2017-06-21 14:35:59.411305,0.446459,"e"
default,key pressed,1,2017-06-21 14:35:59.800779,0.389445,"s"
default,key pressed,1,2017-06-21 14:36:00.184831,0.379787,"e"
default,key pressed,1,2017-06-21 14:36:00.470813,0.285990,"l"
default,key pressed,1,2017-06-21 14:36:00.535244,0.064359,"s"
default,word typed,1,2017-06-21 14:36:00.535340,1.570429,"ewels"
default,sentence typed,1,2017-06-21 14:36:00.703705,19.374334,"crazy frederck bought many very exquisite opa jewels"
default,key pressed,1,2017-06-21 14:36:02.382477,1.835479,"j"
default,key pressed,1,2017-06-21 14:36:02.419881,0.038991,"i"
default,key pressed,1,2017-06-21 14:36:02.702088,0.268784,"m"
default,key pressed,1,2017-06-21 14:36:02.889245,0.189694,"m"
default,key pressed,1,2017-06-21 14:36:03.109386,0.220123," "
default,word typed,1,2017-06-21 14:36:03.109520,2.574167,"jimm "
default,key pressed,1,2017-06-21 14:36:03.274512,0.165098,"q"
default,key pressed,1,2017-06-21 14:36:03.836470,0.561919,"u"
default,key pressed,1,2017-06-21 14:36:04.011654,0.175136,"i"
default,key pressed,1,2017-06-21 14:36:04.124553,0.112838,"c"
default,key pressed,1,2017-06-21 14:36:04.230166,0.105592,"k"
default,word typed,1,2017-06-21 14:36:04.230245,1.120726,"quick"
default,key pressed,1,2017-06-21 14:36:04.409456,0.179269,"l"
default,key pressed,1,2017-06-21 14:36:04.548365,0.138876,"y"
default,key pressed,1,2017-06-21 14:36:04.685323,0.136932," "
default,key pressed,1,2017-06-21 14:36:04.856733,0.171380,"r"
default,key pressed,1,2017-06-21 14:36:05.015777,0.159011,"e"
default,word typed,1,2017-06-21 14:36:05.015863,0.785606,"ly re"
default,key pressed,1,2017-06-21 14:36:05.220292,0.204486,"a"
default,key pressed,1,2017-06-21 14:36:05.286685,0.066362,"l"
default,key pressed,1,2017-06-21 14:36:05.407466,0.120758,"i"
default,key pressed,1,2017-06-21 14:36:05.620963,0.213468,"z"
default,key pressed,1,2017-06-21 14:36:05.697580,0.076580,"e"
default,word typed,1,2017-06-21 14:36:05.697656,0.681790,"alize"
default,key pressed,1,2017-06-21 14:36:05.867111,0.169506,"d"
default,key pressed,1,2017-06-21 14:36:06.008508,0.141371," "
default,key pressed,1,2017-06-21 14:36:06.700795,0.692259,"t"
default,key pressed,1,2017-06-21 14:36:06.907012,0.206187,"h"
default,key pressed,1,2017-06-21 14:36:06.934322,0.027279,"a"
default,word typed,1,2017-06-21 14:36:06.934402,1.236735,"d tha"
default,key pressed,1,2017-06-21 14:36:07.092483,0.158134,"t"
default,key pressed,1,2017-06-21 14:36:07.269454,0.176944," "
default,key pressed,1,2017-06-21 14:36:07.749287,0.472659,"b"
default,key pressed,1,2017-06-21 14:36:07.781419,0.034167,"e"
default,key pressed,1,2017-06-21 14:36:07.881276,0.099816,"a"
default,word typed,1,2017-06-21 14:36:07.881466,0.947045,"t bea"
default,key pressed,1,2017-06-21 14:36:08.040273,0.158972,"u"
default,key pressed,1,2017-06-21 14:36:08.347596,0.307283,"t"
default,key pressed,1,2017-06-21 14:36:08.528719,0.181106,"i"
default,key pressed,1,2017-06-21 14:36:09.065138,0.535692,"f"
default,key pressed,1,2017-06-21 14:36:09.163604,0.098438,"u"
default,word typed,1,2017-06-21 14:36:09.163750,1.282276,"utifu"
default,key pressed,1,2017-06-21 14:36:09.270761,0.107123,"k"
default,key pressed,1,2017-06-21 14:36:09.437934,0.167144," "
default,key pressed,1,2017-06-21 14:36:10.120916,0.682945,"g"
default,key pressed,1,2017-06-21 14:36:10.330207,0.209267,"o"
default,key pressed,1,2017-06-21 14:36:10.442197,0.111965,"w"
default,word typed,1,2017-06-21 14:36:10.442267,1.278519,"k gow"
default,key pressed,1,2017-06-21 14:36:10.545988,0.103760,"n"
default,key pressed,1,2017-06-21 14:36:10.659621,0.113601," "
default,key pressed,1,2017-06-21 14:36:10.742298,0.082647,"a"
default,key pressed,1,2017-06-21 14:36:10.913558,0.171226,"r"
default,key pressed,1,2017-06-21 14:36:11.098635,0.185050,"e"
default,word typed,1,2017-06-21 14:36:11.098750,0.656468,"n are"
default,key pressed,1,2017-06-21 14:36:11.210679,0.112014," "
default,key pressed,1,2017-06-21 14:36:11.447308,0.236566,"e"
default,key pressed,1,2017-06-21 14:36:12.272133,0.824830,"x"
default,key pressed,1,2017-06-21 14:36:12.433291,0.161125,"p"
default,key pressed,1,2017-06-21 14:36:12.558102,0.124782,"e"
default,word typed,1,2017-06-21 14:36:12.558184,1.459429," expe"
default,key pressed,1,2017-06-21 14:36:12.714305,0.156175,"n"
default,key pressed,1,2017-06-21 14:36:12.836954,0.122613,"s"
default,key pressed,1,2017-06-21 14:36:12.980128,0.143149,"i"
default,key pressed,1,2017-06-21 14:36:13.130113,0.149955,"v"
default,key pressed,1,2017-06-21 14:36:13.271889,0.141749,"e"
default,word typed,1,2017-06-21 14:36:13.271966,0.713776,"nsive"
default,sentence typed,1,2017-06-21 14:36:13.371368,12.667623,"jimm quickly realized that beautifuk gown are expensive"
default,test finished,1,2017-06-21 14:36:13.376611,86.525852,
novel,key pressed,1,2017-06-21 14:46:13.918678,0.000017,"t"
novel,key pressed,1,2017-06-21 14:46:16.064326,2.145619,"f"
novel,key pressed,1,2017-06-21 14:46:17.800741,1.736388,"b"
novel,key pressed,1,2017-06-21 14:46:19.532879,1.732093,"w"
novel,key pressed,1,2017-06-21 14:46:21.316380,1.783481,"j"
novel,word typed,1,2017-06-21 14:46:21.316525,7.397876,"rds j"
novel,key pressed,1,2017-06-21 14:46:23.128214,1.811806,"q"
novel,sentence typed,1,2017-06-21 14:46:24.711187,10.792484,"the five boxing wizards jump quickly "
novel,key pressed,1,2017-06-21 14:46:26.084036,2.955797,"t"
novel,key pressed,1,2017-06-21 14:46:27.871686,1.787624,"q"
novel,key pressed,1,2017-06-21 14:46:29.436485,1.564770,"b"
novel,key pressed,1,2017-06-21 14:46:31.146668,1.710154,"f"
novel,key pressed,1,2017-06-21 14:46:33.027979,1.881281,"j"
novel,word typed,1,2017-06-21 14:46:33.028135,11.711595,"fox j"
novel,key pressed,1,2017-06-21 14:46:34.722824,1.694782,"o"
novel,key pressed,1,2017-06-21 14:46:36.586804,1.863996,"t"
novel,key pressed,1,2017-06-21 14:46:39.147213,2.560378,"l"
novel,key pressed,1,2017-06-21 14:46:42.649780,3.502540,"d"
novel,sentence typed,1,2017-06-21 14:46:43.867239,19.156038,"the quick brown fox jumps over the lazy dog "
novel,key pressed,1,2017-06-21 14:46:45.217712,2.567910,"j"
novel,key pressed,1,2017-06-21 14:46:47.352836,2.135093,"l"
novel,key pressed,1,2017-06-21 14:46:49.047922,1.695059,"m"
novel,key pressed,1,2017-06-21 14:46:50.687537,1.639592,"b"
novel,key pressed,1,2017-06-21 14:46:52.186007,1.498445,"s"
novel,word typed,1,2017-06-21 14:46:52.186155,19.158017,"big s"
novel,key pressed,1,2017-06-21 14:46:53.642332,1.456292,"i"
novel,key pressed,1,2017-06-21 14:46:54.961584,1.319223," "
novel,key pressed,1,2017-06-21 14:46:55.133802,0.172190,"o"
novel,key pressed,1,2017-06-21 14:46:56.649538,1.515712,"q"
novel,sentence typed,1,2017-06-21 14:46:58.132823,14.265555,"jackdaws love my big sphinx of quartz "
novel,key pressed,1,2017-06-21 14:46:59.801800,3.152237,"t"
novel,key pressed,1,2017-06-21 14:47:01.074628,1.272803,"q"
novel,key pressed,1,2017-06-21 14:47:02.557258,1.482601,"o"
novel,key pressed,1,2017-06-21 14:47:03.939987,1.382697,"g"
novel,key pressed,1,2017-06-21 14:47:05.514087,1.574074,"j"
novel,word typed,1,2017-06-21 14:47:05.514189,13.328026,"lin j"
novel,key pressed,1,2017-06-21 14:47:06.870637,1.356524,"a"
novel,key pressed,1,2017-06-21 14:47:09.087298,2.216639,"t"
novel,key pressed,1,2017-06-21 14:47:11.005527,1.918201,"l"
novel,key pressed,1,2017-06-21 14:47:12.885189,1.879628,"d"
novel,sentence typed,1,2017-06-21 14:47:14.514501,16.381651,"the quick onyx goblin jumps above the lazy dwarf "
novel,key pressed,1,2017-06-21 14:47:15.711942,2.826732,"m"
novel,key pressed,1,2017-06-21 14:47:16.914506,1.202538,"g"
novel,key pressed,1,2017-06-21 14:47:18.634753,1.720215,"w"
novel,key pressed,1,2017-06-21 14:47:20.342710,1.707930,"s"
novel,key pressed,1,2017-06-21 14:47:21.695195,1.352464,"d"
novel,word typed,1,2017-06-21 14:47:21.695322,16.181126,"six d"
novel,key pressed,1,2017-06-21 14:47:23.592616,1.897396,"p"
novel,key pressed,1,2017-06-21 14:47:25.362107,1.769465,"j"
novel,key pressed,1,2017-06-21 14:47:27.079257,1.717123,"b"
novel,key pressed,1,2017-06-21 14:47:28.563744,1.484464,"h"
novel,key pressed,1,2017-06-21 14:47:29.991917,1.428105,"q"
novel,word typed,1,2017-06-21 14:47:29.992068,8.296731," he q"
novel,sentence typed,1,2017-06-21 14:47:31.013873,16.499346,"my girl wove six dozen plaid jackets before he quit "
novel,key pressed,1,2017-06-21 14:47:31.983890,1.991958,"c"
novel,key pressed,1,2017-06-21 14:47:33.662602,1.678678,"f"
novel,key pressed,1,2017-06-21 14:47:35.238745,1.576116,"b"
novel,key pressed,1,2017-06-21 14:47:36.686998,1.448227,"m"
novel,key pressed,1,2017-06-21 14:47:37.957045,1.270020,"v"
novel,word typed,1,2017-06-21 14:47:37.957118,7.965047,"any v"
novel,key pressed,1,2017-06-21 14:47:38.809068,0.851997,"w"
novel,key pressed,1,2017-06-21 14:47:39.777937,0.968838," "
novel,key pressed,1,2017-06-21 14:47:39.985328,0.207365,"e"
novel,key pressed,1,2017-06-21 14:47:41.617687,1.632336,"o"
novel,key pressed,1,2017-06-21 14:47:42.925980,1.308262,"j"
novel,word typed,1,2017-06-21 14:47:42.926116,4.968988,"pal j"
novel,sentence typed,1,2017-06-21 14:47:43.845335,12.831440,"crazy Frederick bought many very exquisite opal jewels "
novel,key pressed,1,2017-06-21 14:47:44.938183,2.012178,"j"
novel,key pressed,1,2017-06-21 14:47:46.336973,1.398764,"q"
novel,key pressed,1,2017-06-21 14:47:47.720794,1.383797,"r"
novel,key pressed,1,2017-06-21 14:47:48.932392,1.211571,"t"
novel,key pressed,1,2017-06-21 14:47:50.069565,1.137141,"b"
novel,word typed,1,2017-06-21 14:47:50.069724,7.143593,"hat b"
novel,key pressed,1,2017-06-21 14:47:51.317305,1.247720,"g"
novel,key pressed,1,2017-06-21 14:47:52.532948,1.215608,"a"
novel,key pressed,1,2017-06-21 14:47:53.378784,0.845815,"r"
novel,key pressed,1,2017-06-21 14:47:54.052619,0.673805," "
novel,key pressed,1,2017-06-21 14:47:54.255985,0.203342,"e"
novel,word typed,1,2017-06-21 14:47:54.256048,4.186328,"are e"
novel,key pressed,1,2017-06-21 14:47:57.110223,2.854207," "
novel,key pressed,1,2017-06-21 14:47:57.368934,0.258685,"e"
novel,sentence typed,1,2017-06-21 14:47:58.621625,14.776243,"jim quickly realized that beautiful gowns are expensive "
novel,test finished,1,2017-06-21 14:47:58.622164,104.703534,
default,key pressed,2,2017-06-21 14:51:01.592743,0.000014,"t"
default,key pressed,2,2017-06-21 14:51:01.743291,0.150522,"h"
default,key pressed,2,2017-06-21 14:51:01.856770,0.113453,"e"
default,key pressed,2,2017-06-21 14:51:01.975899,0.119103," "
default,key pressed,2,2017-06-21 14:51:02.175328,0.199398,"q"
default,word typed,2,2017-06-21 14:51:02.175403,0.582675,"the q"
default,key pressed,2,2017-06-21 14:51:02.378501,0.203142,"u"
default,key pressed,2,2017-06-21 14:51:02.599065,0.220543,"i"
default,key pressed,2,2017-06-21 14:51:02.856073,0.256978,"c"
default,key pressed,2,2017-06-21 14:51:03.055382,0.199287,"k"
default,key pressed,2,2017-06-21 14:51:03.361631,0.306220," "
default,word typed,2,2017-06-21 14:51:03.361698,1.186291,"uick "
default,key pressed,2,2017-06-21 14:51:03.540873,0.179212,"b"
default,key pressed,2,2017-06-21 14:51:03.666481,0.125585,"r"
default,key pressed,2,2017-06-21 14:51:03.842948,0.176438,"o"
default,key pressed,2,2017-06-21 14:51:03.994956,0.151982,"w"
default,key pressed,2,2017-06-21 14:51:04.253844,0.258861,"n"
default,word typed,2,2017-06-21 14:51:04.253911,0.892208,"brown"
default,key pressed,2,2017-06-21 14:51:04.510599,0.256730," "
default,key pressed,2,2017-06-21 14:51:04.799583,0.288955,"f"
default,key pressed,2,2017-06-21 14:51:05.020312,0.220699,"o"
default,key pressed,2,2017-06-21 14:51:05.300167,0.279783,"x"
default,key pressed,2,2017-06-21 14:51:05.472465,0.172309," "
default,word typed,2,2017-06-21 14:51:05.472542,1.218614," fox "
default,key pressed,2,2017-06-21 14:51:05.761393,0.288902,"j"
default,key pressed,2,2017-06-21 14:51:06.012224,0.250806,"u"
default,key pressed,2,2017-06-21 14:51:06.304070,0.291817,"m"
default,key pressed,2,2017-06-21 14:51:06.576160,0.272057,"p"
default,key pressed,2,2017-06-21 14:51:06.809786,0.233599,"s"
default,word typed,2,2017-06-21 14:51:06.809853,1.337316,"jumps"
default,key pressed,2,2017-06-21 14:51:06.990029,0.180218," "
default,key pressed,2,2017-06-21 14:51:07.241808,0.251753,"o"
default,key pressed,2,2017-06-21 14:51:07.412927,0.171088,"v"
default,key pressed,2,2017-06-21 14:51:07.632647,0.219686,"e"
default,key pressed,2,2017-06-21 14:51:07.821917,0.189252,"r"
default,word typed,2,2017-06-21 14:51:07.821980,1.012121," over"
default,key pressed,2,2017-06-21 14:51:08.017215,0.195272," "
default,key pressed,2,2017-06-21 14:51:08.244828,0.227584,"t"
default,key pressed,2,2017-06-21 14:51:08.431966,0.187110,"h"
default,key pressed,2,2017-06-21 14:51:08.601177,0.169187,"e"
default,key pressed,2,2017-06-21 14:51:08.749380,0.148178," "
default,word typed,2,2017-06-21 14:51:08.749442,0.927457," the "
default,key pressed,2,2017-06-21 14:51:08.898145,0.148730,"l"
default,key pressed,2,2017-06-21 14:51:09.087663,0.189469,"a"
default,key pressed,2,2017-06-21 14:51:09.298149,0.210464,"z"
default,key pressed,2,2017-06-21 14:51:09.520849,0.222673,"y"
default,key pressed,2,2017-06-21 14:51:09.697034,0.176161," "
default,word typed,2,2017-06-21 14:51:09.697099,0.947651,"lazy "
default,key pressed,2,2017-06-21 14:51:10.001003,0.303945,"d"
default,key pressed,2,2017-06-21 14:51:10.160140,0.159110,"o"
default,key pressed,2,2017-06-21 14:51:10.457318,0.297111,"g"
default,sentence typed,2,2017-06-21 14:51:10.715057,9.122292,"the quick brown fox jumps over the lazy dog"
default,key pressed,2,2017-06-21 14:51:11.457423,1.000078,"t"
default,key pressed,2,2017-06-21 14:51:11.596244,0.138791,"h"
default,key pressed,2,2017-06-21 14:51:11.825956,0.229687,"e"
default,key pressed,2,2017-06-21 14:51:11.984090,0.158107," "
default,key pressed,2,2017-06-21 14:51:12.369756,0.385639,"f"
default,word typed,2,2017-06-21 14:51:12.369822,2.672718,"the f"
default,key pressed,2,2017-06-21 14:51:12.601495,0.231710,"i"
default,key pressed,2,2017-06-21 14:51:12.821950,0.220430,"v"
default,key pressed,2,2017-06-21 14:51:13.021123,0.199147,"e"
default,key pressed,2,2017-06-21 14:51:13.225559,0.204410," "
default,key pressed,2,2017-06-21 14:51:13.475580,0.249996,"b"
default,word typed,2,2017-06-21 14:51:13.475647,1.105819,"ive b"
default,key pressed,2,2017-06-21 14:51:13.624536,0.148930,"o"
default,key pressed,2,2017-06-21 14:51:13.862278,0.237714,"x"
default,key pressed,2,2017-06-21 14:51:14.048507,0.186202,"i"
default,key pressed,2,2017-06-21 14:51:14.209663,0.161125,"n"
default,key pressed,2,2017-06-21 14:51:14.487726,0.278032,"g"
default,word typed,2,2017-06-21 14:51:14.487804,1.012146,"oxing"
default,key pressed,2,2017-06-21 14:51:14.589313,0.101566," "
default,key pressed,2,2017-06-21 14:51:14.781789,0.192441,"w"
default,key pressed,2,2017-06-21 14:51:14.916674,0.134864,"i"
default,key pressed,2,2017-06-21 14:51:15.186559,0.269860,"z"
default,key pressed,2,2017-06-21 14:51:15.394966,0.208382,"a"
default,word typed,2,2017-06-21 14:51:15.395030,0.907224," wiza"
default,key pressed,2,2017-06-21 14:51:15.555152,0.160161,"r"
default,key pressed,2,2017-06-21 14:51:16.083888,0.528704,"d"
default,key pressed,2,2017-06-21 14:51:16.286279,0.202362,"s"
default,key pressed,2,2017-06-21 14:51:16.401183,0.114876," "
default,key pressed,2,2017-06-21 14:51:16.598307,0.197098,"j"
default,word typed,2,2017-06-21 14:51:16.598372,1.203336,"rds j"
default,key pressed,2,2017-06-21 14:51:16.848192,0.249859,"u"
default,key pressed,2,2017-06-21 14:51:17.146012,0.297797,"m"
default,key pressed,2,2017-06-21 14:51:17.388968,0.242929,"p"
default,key pressed,2,2017-06-21 14:51:17.671967,0.282968," "
default,key pressed,2,2017-06-21 14:51:17.906648,0.234657,"q"
default,word typed,2,2017-06-21 14:51:17.906713,1.308336,"ump q"
default,key pressed,2,2017-06-21 14:51:18.101866,0.195193,"u"
default,key pressed,2,2017-06-21 14:51:18.273099,0.171209,"i"
default,key pressed,2,2017-06-21 14:51:18.850254,0.577125,"c"
default,key pressed,2,2017-06-21 14:51:19.038649,0.188365,"k"
default,key pressed,2,2017-06-21 14:51:19.155386,0.116715,"l"
default,word typed,2,2017-06-21 14:51:19.155451,1.248732,"uickl"
default,key pressed,2,2017-06-21 14:51:19.614616,0.459204,"y"
default,sentence typed,2,2017-06-21 14:51:19.914638,9.199553,"the five boxing wizards jump quickly"
default,key pressed,2,2017-06-21 14:51:20.683162,1.068480,"j"
default,key pressed,2,2017-06-21 14:51:20.925771,0.242595,"a"
default,key pressed,2,2017-06-21 14:51:21.185504,0.259707,"c"
default,key pressed,2,2017-06-21 14:51:21.321587,0.136052,"k"
default,key pressed,2,2017-06-21 14:51:21.610652,0.289044,"d"
default,word typed,2,2017-06-21 14:51:21.610716,2.455259,"jackd"
default,key pressed,2,2017-06-21 14:51:21.819048,0.208367,"a"
default,key pressed,2,2017-06-21 14:51:22.156429,0.337356,"w"
default,key pressed,2,2017-06-21 14:51:22.599326,0.442872,"s"
default,key pressed,2,2017-06-21 14:51:22.810058,0.210693," "
default,key pressed,2,2017-06-21 14:51:23.062705,0.252589,"l"
default,word typed,2,2017-06-21 14:51:23.062771,1.452050,"aws l"
default,key pressed,2,2017-06-21 14:51:23.274326,0.211602,"o"
default,key pressed,2,2017-06-21 14:51:23.440244,0.165897,"v"
default,key pressed,2,2017-06-21 14:51:23.589535,0.149262,"e"
default,key pressed,2,2017-06-21 14:51:23.695098,0.105537," "
default,key pressed,2,2017-06-21 14:51:23.905513,0.210377,"m"
default,word typed,2,2017-06-21 14:51:23.905576,0.842799,"ove m"
default,key pressed,2,2017-06-21 14:51:24.090020,0.184490,"y"
default,key pressed,2,2017-06-21 14:51:24.214937,0.124889," "
default,key pressed,2,2017-06-21 14:51:24.389953,0.174986,"b"
default,key pressed,2,2017-06-21 14:51:24.575274,0.185296,"i"
default,key pressed,2,2017-06-21 14:51:24.886536,0.311236,"g"
default,word typed,2,2017-06-21 14:51:24.886602,0.981020,"y big"
default,key pressed,2,2017-06-21 14:51:25.141400,0.254838," "
default,key pressed,2,2017-06-21 14:51:25.508990,0.367565,"s"
default,key pressed,2,2017-06-21 14:51:25.702336,0.193319,"p"
default,key pressed,2,2017-06-21 14:51:26.081099,0.378735,"h"
default,key pressed,2,2017-06-21 14:51:26.298382,0.217260,"i"
default,word typed,2,2017-06-21 14:51:26.298445,1.411838," sphi"
default,key pressed,2,2017-06-21 14:51:26.503945,0.205538,"n"
default,key pressed,2,2017-06-21 14:51:26.822279,0.318267,"x"
default,key pressed,2,2017-06-21 14:51:27.020541,0.198242," "
default,key pressed,2,2017-06-21 14:51:27.377171,0.356598,"o"
default,key pressed,2,2017-06-21 14:51:27.625880,0.248679,"f"
default,word typed,2,2017-06-21 14:51:27.625959,1.327501,"nx of"
default,key pressed,2,2017-06-21 14:51:27.730368,0.104454," "
default,key pressed,2,2017-06-21 14:51:28.625818,0.895430,"q"
default,key pressed,2,2017-06-21 14:51:28.776617,0.150775,"u"
default,key pressed,2,2017-06-21 14:51:28.999548,0.222871,"a"
default,key pressed,2,2017-06-21 14:51:29.208925,0.209381,"r"
default,word typed,2,2017-06-21 14:51:29.209041,1.583032," quar"
default,key pressed,2,2017-06-21 14:51:29.442521,0.233567,"t"
default,key pressed,2,2017-06-21 14:51:29.795097,0.352555,"z"
default,sentence typed,2,2017-06-21 14:51:30.491900,10.577235,"jackdaws love my big sphinx of quartz"
default,key pressed,2,2017-06-21 14:51:31.338873,1.543751,"j"
default,key pressed,2,2017-06-21 14:51:31.574496,0.235598,"i"
default,key pressed,2,2017-06-21 14:51:31.879634,0.305115,"m"
default,key pressed,2,2017-06-21 14:51:32.092156,0.212495," "
default,key pressed,2,2017-06-21 14:51:32.237940,0.145759,"q"
default,word typed,2,2017-06-21 14:51:32.238006,3.028964,"jim q"
default,key pressed,2,2017-06-21 14:51:32.391116,0.153148,"u"
default,key pressed,2,2017-06-21 14:51:32.564425,0.173283,"i"
default,key pressed,2,2017-06-21 14:51:32.795091,0.230642,"c"
default,key pressed,2,2017-06-21 14:51:33.039843,0.244726,"k"
default,key pressed,2,2017-06-21 14:51:33.263146,0.223267,"l"
default,word typed,2,2017-06-21 14:51:33.263208,1.025196,"uickl"
default,key pressed,2,2017-06-21 14:51:33.593645,0.330470,"y"
default,key pressed,2,2017-06-21 14:51:33.666263,0.072593," "
default,key pressed,2,2017-06-21 14:51:33.976411,0.310120,"r"
default,key pressed,2,2017-06-21 14:51:34.093223,0.116790,"e"
default,key pressed,2,2017-06-21 14:51:34.296514,0.203265,"a"
default,word typed,2,2017-06-21 14:51:34.296578,1.033364,"y rea"
default,key pressed,2,2017-06-21 14:51:34.573645,0.277098,"l"
default,key pressed,2,2017-06-21 14:51:34.764009,0.190338,"i"
default,key pressed,2,2017-06-21 14:51:35.063076,0.299039,"z"
default,key pressed,2,2017-06-21 14:51:35.361235,0.298133,"e"
default,key pressed,2,2017-06-21 14:51:35.716541,0.355279,"d"
default,word typed,2,2017-06-21 14:51:35.716616,1.420026,"lized"
default,key pressed,2,2017-06-21 14:51:35.819138,0.102567," "
default,key pressed,2,2017-06-21 14:51:36.109413,0.290251,"t"
default,key pressed,2,2017-06-21 14:51:36.251219,0.141784,"h"
default,key pressed,2,2017-06-21 14:51:36.426478,0.175234,"a"
default,key pressed,2,2017-06-21 14:51:36.686405,0.259900,"t"
default,word typed,2,2017-06-21 14:51:36.686468,0.969850," that"
default,key pressed,2,2017-06-21 14:51:36.809219,0.122789," "
default,key pressed,2,2017-06-21 14:51:37.105376,0.296131,"b"
default,key pressed,2,2017-06-21 14:51:37.269449,0.164046,"e"
default,key pressed,2,2017-06-21 14:51:37.406468,0.136995,"a"
default,key pressed,2,2017-06-21 14:51:37.687476,0.280977,"u"
default,word typed,2,2017-06-21 14:51:37.687555,1.001076," beau"
default,key pressed,2,2017-06-21 14:51:37.922970,0.235468,"t"
default,key pressed,2,2017-06-21 14:51:38.076975,0.153982,"i"
default,key pressed,2,2017-06-21 14:51:38.287626,0.210623,"f"
default,key pressed,2,2017-06-21 14:51:38.493187,0.205537,"l"
default,key pressed,2,2017-06-21 14:51:38.698470,0.205259,"l"
default,word typed,2,2017-06-21 14:51:38.698535,1.010978,"tifll"
default,key pressed,2,2017-06-21 14:51:38.775126,0.076626,"u"
default,key pressed,2,2017-06-21 14:51:39.901006,1.125853," "
default,key pressed,2,2017-06-21 14:51:40.507222,0.606193,"g"
default,key pressed,2,2017-06-21 14:51:40.698759,0.191404,"o"
default,key pressed,2,2017-06-21 14:51:41.099409,0.400666,"w"
default,word typed,2,2017-06-21 14:51:41.099476,2.400934,"u gow"
default,key pressed,2,2017-06-21 14:51:41.341100,0.241665,"n"
default,key pressed,2,2017-06-21 14:51:41.496324,0.155171,"s"
default,key pressed,2,2017-06-21 14:51:41.661370,0.165042," "
default,key pressed,2,2017-06-21 14:51:41.893823,0.232429,"a"
default,key pressed,2,2017-06-21 14:51:42.094174,0.200324,"r"
default,word typed,2,2017-06-21 14:51:42.094241,0.994759,"ns ar"
default,key pressed,2,2017-06-21 14:51:42.274627,0.180431,"e"
default,key pressed,2,2017-06-21 14:51:42.454864,0.180190," "
default,key pressed,2,2017-06-21 14:51:42.700702,0.245810,"e"
default,key pressed,2,2017-06-21 14:51:43.036063,0.335334,"x"
default,key pressed,2,2017-06-21 14:51:43.217287,0.181195,"p"
default,word typed,2,2017-06-21 14:51:43.217377,1.123115,"e exp"
default,key pressed,2,2017-06-21 14:51:43.500406,0.283091,"e"
default,key pressed,2,2017-06-21 14:51:43.697637,0.197205,"n"
default,key pressed,2,2017-06-21 14:51:43.933305,0.235638,"s"
default,key pressed,2,2017-06-21 14:51:44.133615,0.200285,"i"
default,key pressed,2,2017-06-21 14:51:44.296891,0.163252,"v"
default,word typed,2,2017-06-21 14:51:44.296955,1.079587,"ensiv"
default,key pressed,2,2017-06-21 14:51:44.430726,0.133801,"e"
default,sentence typed,2,2017-06-21 14:51:44.860871,14.368943,"jim quickly realized that beautifllu gowns are expensive"
default,key pressed,2,2017-06-21 14:51:45.772260,1.341506,"c"
default,key pressed,2,2017-06-21 14:51:46.049223,0.276938,"r"
default,key pressed,2,2017-06-21 14:51:46.194186,0.144937,"a"
default,key pressed,2,2017-06-21 14:51:46.473140,0.278926,"z"
default,key pressed,2,2017-06-21 14:51:46.672748,0.199577,"y"
default,word typed,2,2017-06-21 14:51:46.672821,2.375858,"crazy"
default,key pressed,2,2017-06-21 14:51:46.883041,0.210270," "
default,key pressed,2,2017-06-21 14:51:47.306035,0.422960,"F"
default,key pressed,2,2017-06-21 14:51:47.540708,0.234643,"r"
default,key pressed,2,2017-06-21 14:51:47.634321,0.093591,"e"
default,key pressed,2,2017-06-21 14:51:47.927349,0.292967,"d"
default,word typed,2,2017-06-21 14:51:47.927432,1.254599," Fred"
default,key pressed,2,2017-06-21 14:51:48.144012,0.216636,"e"
default,key pressed,2,2017-06-21 14:51:48.355016,0.210972,"r"
default,key pressed,2,2017-06-21 14:51:48.560869,0.205831,"i"
default,key pressed,2,2017-06-21 14:51:48.772238,0.211347,"c"
default,key pressed,2,2017-06-21 14:51:49.140844,0.368578,"k"
default,word typed,2,2017-06-21 14:51:49.140912,1.213478,"erick"
default,key pressed,2,2017-06-21 14:51:49.406628,0.265758," "
default,key pressed,2,2017-06-21 14:51:49.557724,0.151071,"b"
default,key pressed,2,2017-06-21 14:51:49.706811,0.149058,"o"
default,key pressed,2,2017-06-21 14:51:49.965553,0.258714,"u"
default,key pressed,2,2017-06-21 14:51:50.202342,0.236762,"g"
default,word typed,2,2017-06-21 14:51:50.202410,1.061492," boug"
default,key pressed,2,2017-06-21 14:51:50.819730,0.617359,"h"
default,key pressed,2,2017-06-21 14:51:51.004918,0.185164,"t"
default,key pressed,2,2017-06-21 14:51:51.147005,0.142060," "
default,key pressed,2,2017-06-21 14:51:51.644561,0.497522,"m"
default,key pressed,2,2017-06-21 14:51:51.790715,0.146129,"a"
default,word typed,2,2017-06-21 14:51:51.790780,1.588364,"ht ma"
default,key pressed,2,2017-06-21 14:51:51.975774,0.185035,"n"
default,key pressed,2,2017-06-21 14:51:52.213520,0.237680,"y"
default,key pressed,2,2017-06-21 14:51:52.325349,0.111831," "
default,key pressed,2,2017-06-21 14:51:52.614216,0.288848,"v"
default,key pressed,2,2017-06-21 14:51:52.850946,0.236706,"e"
default,word typed,2,2017-06-21 14:51:52.851009,1.060224,"ny ve"
default,key pressed,2,2017-06-21 14:51:52.978854,0.127868,"r"
default,key pressed,2,2017-06-21 14:51:53.300166,0.321286,"y"
default,key pressed,2,2017-06-21 14:51:53.456144,0.155951," "
default,key pressed,2,2017-06-21 14:51:53.804724,0.348550,"e"
default,key pressed,2,2017-06-21 14:51:54.360647,0.555898,"x"
default,word typed,2,2017-06-21 14:51:54.360723,1.509704,"ry ex"
default,key pressed,2,2017-06-21 14:51:54.852094,0.491418,"p"
default,key pressed,2,2017-06-21 14:51:55.277020,0.424902,"x"
default,key pressed,2,2017-06-21 14:51:55.436165,0.159111,"q"
default,key pressed,2,2017-06-21 14:51:55.552926,0.116740,"u"
default,key pressed,2,2017-06-21 14:51:55.771376,0.218421,"i"
default,word typed,2,2017-06-21 14:51:55.771444,1.410718,"exqui"
default,key pressed,2,2017-06-21 14:51:56.071509,0.300109,"s"
default,key pressed,2,2017-06-21 14:51:56.204479,0.132886,"i"
default,key pressed,2,2017-06-21 14:51:56.406879,0.202431,"t"
default,key pressed,2,2017-06-21 14:51:56.493539,0.086633,"e"
default,key pressed,2,2017-06-21 14:51:56.797676,0.304113," "
default,word typed,2,2017-06-21 14:51:56.797739,1.026290,"site "
default,key pressed,2,2017-06-21 14:51:57.340514,0.542812,"o"
default,key pressed,2,2017-06-21 14:51:57.597301,0.256759,"p"
default,key pressed,2,2017-06-21 14:51:57.895383,0.298055,"a"
default,key pressed,2,2017-06-21 14:51:58.107775,0.212364,"l"
default,key pressed,2,2017-06-21 14:51:58.254705,0.146905," "
default,word typed,2,2017-06-21 14:51:58.254772,1.457027,"opal "
default,key pressed,2,2017-06-21 14:51:58.461397,0.206659,"j"
default,key pressed,2,2017-06-21 14:51:58.630349,0.168925,"e"
default,key pressed,2,2017-06-21 14:51:58.828936,0.198559,"w"
default,key pressed,2,2017-06-21 14:51:58.994072,0.165101,"e"
default,key pressed,2,2017-06-21 14:51:59.235872,0.241782,"l"
default,word typed,2,2017-06-21 14:51:59.235936,0.981160,"jewel"
default,key pressed,2,2017-06-21 14:51:59.416872,0.180970,"s"
default,sentence typed,2,2017-06-21 14:51:59.720115,14.859220,"crazy Frederick bought many very exquisite opal jewels"
default,key pressed,2,2017-06-21 14:52:00.540853,1.123959,"m"
default,key pressed,2,2017-06-21 14:52:00.732270,0.191390,"y"
default,key pressed,2,2017-06-21 14:52:00.900495,0.168189," "
default,key pressed,2,2017-06-21 14:52:01.118039,0.217516,"g"
default,key pressed,2,2017-06-21 14:52:01.292201,0.174143,"i"
default,word typed,2,2017-06-21 14:52:01.292271,2.056329,"my gi"
default,key pressed,2,2017-06-21 14:52:01.492554,0.200327,"r"
default,key pressed,2,2017-06-21 14:52:01.698084,0.205505,"l"
default,key pressed,2,2017-06-21 14:52:01.955876,0.257767," "
default,key pressed,2,2017-06-21 14:52:02.226856,0.270949,"w"
default,key pressed,2,2017-06-21 14:52:02.368888,0.142009,"o"
default,word typed,2,2017-06-21 14:52:02.368949,1.076673,"rl wo"
default,key pressed,2,2017-06-21 14:52:02.683056,0.314147,"v"
default,key pressed,2,2017-06-21 14:52:02.808850,0.125767,"e"
default,key pressed,2,2017-06-21 14:52:02.938817,0.129939," "
default,key pressed,2,2017-06-21 14:52:03.235928,0.297080,"s"
default,key pressed,2,2017-06-21 14:52:03.440201,0.204251,"i"
default,word typed,2,2017-06-21 14:52:03.440266,1.071311,"ve si"
default,key pressed,2,2017-06-21 14:52:03.935823,0.495594,"c"
default,key pressed,2,2017-06-21 14:52:04.154411,0.218514," "
default,key pressed,2,2017-06-21 14:52:05.038647,0.884246,"d"
default,key pressed,2,2017-06-21 14:52:05.225730,0.187058,"o"
default,key pressed,2,2017-06-21 14:52:05.569323,0.343565,"z"
default,word typed,2,2017-06-21 14:52:05.569428,2.129119,"c doz"
default,key pressed,2,2017-06-21 14:52:05.740474,0.171127,"e"
default,key pressed,2,2017-06-21 14:52:05.935811,0.195311,"n"
default,key pressed,2,2017-06-21 14:52:06.150219,0.214379," "
default,key pressed,2,2017-06-21 14:52:06.397155,0.246906,"j"
default,key pressed,2,2017-06-21 14:52:07.016465,0.619288," "
default,word typed,2,2017-06-21 14:52:07.016529,1.447099,"ozen "
default,key pressed,2,2017-06-21 14:52:07.268230,0.251738,"p"
default,key pressed,2,2017-06-21 14:52:07.488997,0.220733,"l"
default,key pressed,2,2017-06-21 14:52:07.620613,0.131552,"a"
default,key pressed,2,2017-06-21 14:52:07.843365,0.222761,"i"
default,key pressed,2,2017-06-21 14:52:08.020471,0.177079,"d"
default,word typed,2,2017-06-21 14:52:08.020551,1.004009,"plaid"
default,key pressed,2,2017-06-21 14:52:08.221875,0.201379," "
default,key pressed,2,2017-06-21 14:52:08.440519,0.218614,"j"
default,key pressed,2,2017-06-21 14:52:08.576217,0.135672,"a"
default,key pressed,2,2017-06-21 14:52:08.802088,0.225842,"c"
default,key pressed,2,2017-06-21 14:52:08.983267,0.181152,"k"
default,word typed,2,2017-06-21 14:52:08.983341,0.962784," jack"
default,key pressed,2,2017-06-21 14:52:09.198840,0.215545,"e"
default,key pressed,2,2017-06-21 14:52:09.399281,0.200417,"t"
default,key pressed,2,2017-06-21 14:52:09.709305,0.310000,"s"
default,key pressed,2,2017-06-21 14:52:09.867559,0.158185," "
default,key pressed,2,2017-06-21 14:52:10.037689,0.170099,"b"
default,word typed,2,2017-06-21 14:52:10.037772,1.054420,"ets b"
default,key pressed,2,2017-06-21 14:52:10.183576,0.145863,"e"
default,key pressed,2,2017-06-21 14:52:10.508038,0.324435,"f"
default,key pressed,2,2017-06-21 14:52:10.609700,0.101635,"o"
default,key pressed,2,2017-06-21 14:52:10.773935,0.164183,"r"
default,key pressed,2,2017-06-21 14:52:10.930787,0.156836,"e"
default,word typed,2,2017-06-21 14:52:10.930852,0.893080,"efore"
default,key pressed,2,2017-06-21 14:52:11.088067,0.157256," "
default,key pressed,2,2017-06-21 14:52:11.456705,0.368609,"h"
default,key pressed,2,2017-06-21 14:52:11.718516,0.261787,"e"
default,key pressed,2,2017-06-21 14:52:11.853458,0.134917," "
default,key pressed,2,2017-06-21 14:52:12.171918,0.318421,"q"
default,word typed,2,2017-06-21 14:52:12.171983,1.241124," he q"
default,key pressed,2,2017-06-21 14:52:12.360849,0.188908,"u"
default,key pressed,2,2017-06-21 14:52:12.477869,0.116993,"i"
default,key pressed,2,2017-06-21 14:52:12.843394,0.365503,"t"
default,sentence typed,2,2017-06-21 14:52:13.141352,13.421208,"my girl wove sic dozen plaid jackets before he quit"
default,key pressed,2,2017-06-21 14:52:14.105359,1.261939,"t"
default,key pressed,2,2017-06-21 14:52:14.251105,0.145717,"h"
default,key pressed,2,2017-06-21 14:52:14.393272,0.142141,"e"
default,key pressed,2,2017-06-21 14:52:14.517145,0.123848," "
default,key pressed,2,2017-06-21 14:52:14.751901,0.234715,"q"
default,word typed,2,2017-06-21 14:52:14.751979,2.579986,"the q"
default,key pressed,2,2017-06-21 14:52:14.954245,0.202316,"u"
default,key pressed,2,2017-06-21 14:52:15.136489,0.182224,"i"
default,key pressed,2,2017-06-21 14:52:15.381215,0.244702,"c"
default,key pressed,2,2017-06-21 14:52:15.628964,0.247723,"k"
default,key pressed,2,2017-06-21 14:52:15.856685,0.227692," "
default,word typed,2,2017-06-21 14:52:15.856752,1.104771,"uick "
default,key pressed,2,2017-06-21 14:52:16.055980,0.199269,"o"
default,key pressed,2,2017-06-21 14:52:16.216156,0.160152,"n"
default,key pressed,2,2017-06-21 14:52:16.465920,0.249735,"y"
default,key pressed,2,2017-06-21 14:52:17.128502,0.662560,"x"
default,key pressed,2,2017-06-21 14:52:17.350067,0.221537," "
default,word typed,2,2017-06-21 14:52:17.350135,1.493376,"onyx "
default,key pressed,2,2017-06-21 14:52:17.645147,0.295054,"g"
default,key pressed,2,2017-06-21 14:52:17.813379,0.168207,"o"
default,key pressed,2,2017-06-21 14:52:18.043938,0.230528,"b"
default,key pressed,2,2017-06-21 14:52:18.146522,0.102517,"l"
default,key pressed,2,2017-06-21 14:52:18.409541,0.262998,"i"
default,word typed,2,2017-06-21 14:52:18.409616,1.059476,"gobli"
default,key pressed,2,2017-06-21 14:52:18.612944,0.203378,"n"
default,key pressed,2,2017-06-21 14:52:18.877761,0.264780," "
default,key pressed,2,2017-06-21 14:52:19.065189,0.187393,"j"
default,key pressed,2,2017-06-21 14:52:19.627024,0.561815,"u"
default,key pressed,2,2017-06-21 14:52:19.940131,0.313080,"m"
default,word typed,2,2017-06-21 14:52:19.940226,1.530602,"n jum"
default,key pressed,2,2017-06-21 14:52:20.197146,0.256987,"p"
default,key pressed,2,2017-06-21 14:52:20.464901,0.267720,"s"
default,key pressed,2,2017-06-21 14:52:20.591824,0.126903," "
default,key pressed,2,2017-06-21 14:52:20.850691,0.258839,"b"
default,key pressed,2,2017-06-21 14:52:21.087301,0.236584,"o"
default,word typed,2,2017-06-21 14:52:21.087369,1.147138,"ps bo"
default,key pressed,2,2017-06-21 14:52:21.565753,0.478425,"b"
default,key pressed,2,2017-06-21 14:52:21.728832,0.163054," "
default,key pressed,2,2017-06-21 14:52:21.882949,0.154091,"a"
default,key pressed,2,2017-06-21 14:52:22.020924,0.137948,"b"
default,key pressed,2,2017-06-21 14:52:22.186896,0.165949,"o"
default,word typed,2,2017-06-21 14:52:22.186961,1.099586,"s abo"
default,key pressed,2,2017-06-21 14:52:22.448069,0.261135,"v"
default,key pressed,2,2017-06-21 14:52:22.597835,0.149742,"e"
default,key pressed,2,2017-06-21 14:52:22.730936,0.133074," "
default,key pressed,2,2017-06-21 14:52:22.988732,0.257771,"t"
default,key pressed,2,2017-06-21 14:52:23.127758,0.138993,"h"
default,word typed,2,2017-06-21 14:52:23.127832,0.940862,"ve th"
default,key pressed,2,2017-06-21 14:52:23.240410,0.112630,"e"
default,key pressed,2,2017-06-21 14:52:23.362383,0.121945," "
default,key pressed,2,2017-06-21 14:52:23.508436,0.146009,"l"
default,key pressed,2,2017-06-21 14:52:23.619144,0.110699,"a"
default,key pressed,2,2017-06-21 14:52:23.989737,0.370567,"z"
default,word typed,2,2017-06-21 14:52:23.989800,0.861965,"e laz"
default,key pressed,2,2017-06-21 14:52:24.226365,0.236604,"y"
default,key pressed,2,2017-06-21 14:52:24.401610,0.175217," "
default,key pressed,2,2017-06-21 14:52:24.692769,0.291124,"d"
default,key pressed,2,2017-06-21 14:52:25.141827,0.449037,"w"
default,key pressed,2,2017-06-21 14:52:25.249606,0.107749,"a"
default,word typed,2,2017-06-21 14:52:25.249675,1.259869,"y dwa"
default,key pressed,2,2017-06-21 14:52:25.481192,0.231559,"r"
default,key pressed,2,2017-06-21 14:52:25.780414,0.299194,"f"
default,sentence typed,2,2017-06-21 14:52:26.164056,13.022676,"the quick onyx goblin jumps above the lazy dwarf"
default,test finished,2,2017-06-21 14:52:26.164181,84.571481,
novel,key pressed,2,2017-06-21 14:53:31.605928,0.000015,"t"
novel,key pressed,2,2017-06-21 14:53:32.570272,0.964310,"w"
novel,key pressed,2,2017-06-21 14:53:33.449442,0.879148," "
novel,key pressed,2,2017-06-21 14:53:33.483429,0.033950,"q"
novel,key pressed,2,2017-06-21 14:53:34.626669,1.143216,"b"
novel,word typed,2,2017-06-21 14:53:34.626733,3.020825,"ick b"
novel,key pressed,2,2017-06-21 14:53:36.298489,1.671787,"f"
novel,key pressed,2,2017-06-21 14:53:37.595564,1.297053,"j"
novel,key pressed,2,2017-06-21 14:53:38.611758,1.016167,"o"
novel,key pressed,2,2017-06-21 14:53:39.828236,1.216454,"t"
novel,key pressed,2,2017-06-21 14:53:40.769876,0.941613,"l"
novel,word typed,2,2017-06-21 14:53:40.769942,6.143203,"the l"
novel,key pressed,2,2017-06-21 14:53:41.719732,0.949832,"d"
novel,sentence typed,2,2017-06-21 14:53:42.597712,10.991776,"the quick brown fox jumps over the lazy dog "
novel,key pressed,2,2017-06-21 14:53:43.439694,1.719937,"t"
novel,key pressed,2,2017-06-21 14:53:44.396458,0.956737,"f"
novel,key pressed,2,2017-06-21 14:53:45.512200,1.115715,"b"
novel,key pressed,2,2017-06-21 14:53:46.443958,0.931720,"q"
novel,key pressed,2,2017-06-21 14:53:47.250495,0.806514," "
novel,word typed,2,2017-06-21 14:53:47.250559,6.480611,"xing "
novel,key pressed,2,2017-06-21 14:53:47.826320,0.575801,"w"
novel,key pressed,2,2017-06-21 14:53:49.526598,1.700243,"j"
novel,key pressed,2,2017-06-21 14:53:50.485290,0.958669,"q"
novel,sentence typed,2,2017-06-21 14:53:51.550844,8.953094,"the five boxing wizards jump quickly "
novel,key pressed,2,2017-06-21 14:53:52.573934,2.088615,"j"
novel,key pressed,2,2017-06-21 14:53:53.882199,1.308238,"l"
novel,key pressed,2,2017-06-21 14:53:54.871220,0.988991,"m"
novel,key pressed,2,2017-06-21 14:53:55.930633,1.059356,"b"
novel,key pressed,2,2017-06-21 14:53:56.989094,1.058471,"s"
novel,word typed,2,2017-06-21 14:53:56.989157,9.738593,"big s"
novel,key pressed,2,2017-06-21 14:53:58.519891,1.530763,"o"
novel,key pressed,2,2017-06-21 14:53:59.321514,0.801601,"q"
novel,sentence typed,2,2017-06-21 14:54:00.725299,9.174438,"jackdaws love my big sphinx of quartz "
novel,key pressed,2,2017-06-21 14:54:01.595576,2.274035,"j"
novel,key pressed,2,2017-06-21 14:54:02.564392,0.968786,"q"
novel,key pressed,2,2017-06-21 14:54:03.865524,1.301063,"r"
novel,key pressed,2,2017-06-21 14:54:05.012574,1.147041,"t"
novel,key pressed,2,2017-06-21 14:54:06.022719,1.010119,"b"
novel,word typed,2,2017-06-21 14:54:06.022790,9.033624,"hat b"
novel,key pressed,2,2017-06-21 14:54:07.265375,1.242632,"g"
novel,key pressed,2,2017-06-21 14:54:08.382343,1.116939,"a"
novel,key pressed,2,2017-06-21 14:54:09.210191,0.827816,"e"
novel,sentence typed,2,2017-06-21 14:54:10.183943,9.458614,"jim quickly realized that beautiful gowns are expensive "
novel,key pressed,2,2017-06-21 14:54:11.106359,1.896146,"c"
novel,key pressed,2,2017-06-21 14:54:11.951416,0.845030,"f"
novel,key pressed,2,2017-06-21 14:54:13.138721,1.187275,"b"
novel,key pressed,2,2017-06-21 14:54:14.343192,1.204440,"m"
novel,key pressed,2,2017-06-21 14:54:15.659575,1.316357,"v"
novel,word typed,2,2017-06-21 14:54:15.659754,9.636949,"any v"
novel,key pressed,2,2017-06-21 14:54:16.495606,0.835999,"e"
novel,key pressed,2,2017-06-21 14:54:17.766482,1.270850,"o"
novel,key pressed,2,2017-06-21 14:54:19.058555,1.292046,"j"
novel,sentence typed,2,2017-06-21 14:54:19.920450,9.736481,"crazy Frederick bought many very exquisite opal jewels "
novel,key pressed,2,2017-06-21 14:54:20.875259,1.816678,"m"
novel,key pressed,2,2017-06-21 14:54:21.647671,0.772388,"g"
novel,key pressed,2,2017-06-21 14:54:22.576210,0.928509,"w"
novel,key pressed,2,2017-06-21 14:54:23.513892,0.937656,"s"
novel,key pressed,2,2017-06-21 14:54:24.382021,0.868103,"d"
novel,word typed,2,2017-06-21 14:54:24.382090,8.722337,"six d"
novel,key pressed,2,2017-06-21 14:54:25.874381,1.492331,"p"
novel,key pressed,2,2017-06-21 14:54:27.061894,1.187487,"j"
novel,key pressed,2,2017-06-21 14:54:27.999490,0.937566,"b"
novel,key pressed,2,2017-06-21 14:54:29.315667,1.316154,"d"
novel,key pressed,2,2017-06-21 14:54:29.978316,0.662623," "
novel,word typed,2,2017-06-21 14:54:29.978411,5.596312,"fore "
novel,key pressed,2,2017-06-21 14:54:30.128360,0.150019,"h"
novel,key pressed,2,2017-06-21 14:54:31.632045,1.503656,"q"
novel,sentence typed,2,2017-06-21 14:54:32.473773,12.553299,"my girl wove six dozen plaid jackets before he quit "
novel,key pressed,2,2017-06-21 14:54:33.567596,1.935523,"t"
novel,key pressed,2,2017-06-21 14:54:34.744930,1.177305,"q"
novel,key pressed,2,2017-06-21 14:54:35.966601,1.221643,"o"
novel,key pressed,2,2017-06-21 14:54:36.950417,0.983793,"g"
novel,key pressed,2,2017-06-21 14:54:38.084424,1.133981,"j"
novel,word typed,2,2017-06-21 14:54:38.084527,8.106102,"lin j"
novel,key pressed,2,2017-06-21 14:54:39.265785,1.181331,"a"
novel,key pressed,2,2017-06-21 14:54:40.375602,1.109787,"t"
novel,key pressed,2,2017-06-21 14:54:41.497600,1.121947,"l"
novel,key pressed,2,2017-06-21 14:54:42.674833,1.177234,"d"
novel,sentence typed,2,2017-06-21 14:54:43.509659,11.035846,"the quick onyx goblin jumps above the lazy dwarf "
novel,test finished,2,2017-06-21 14:54:43.510066,71.904178,
novel,key pressed,3,2017-06-21 14:57:03.291055,0.000020,"j"
novel,key pressed,3,2017-06-21 14:57:04.591685,1.300595,"l"
novel,key pressed,3,2017-06-21 14:57:05.562308,0.970598,"m"
novel,key pressed,3,2017-06-21 14:57:06.630019,1.067685,"b"
novel,key pressed,3,2017-06-21 14:57:07.713580,1.083534,"s"
novel,word typed,3,2017-06-21 14:57:07.713654,4.422621,"big s"
novel,key pressed,3,2017-06-21 14:57:08.986624,1.273017,"o"
novel,key pressed,3,2017-06-21 14:57:10.019846,1.033193,"q"
novel,sentence typed,3,2017-06-21 14:57:10.990637,7.699574,"jackdaws love my big sphinx of quartz "
novel,key pressed,3,2017-06-21 14:57:12.074284,2.054419,"t"
novel,key pressed,3,2017-06-21 14:57:13.204218,1.129904,"f"
novel,key pressed,3,2017-06-21 14:57:14.323230,1.118955,"b"
novel,key pressed,3,2017-06-21 14:57:15.421906,1.098679,"w"
novel,key pressed,3,2017-06-21 14:57:16.508727,1.086788,"j"
novel,word typed,3,2017-06-21 14:57:16.508891,8.795221,"rds j"
novel,key pressed,3,2017-06-21 14:57:18.061543,1.552790,"q"
novel,sentence typed,3,2017-06-21 14:57:18.908346,7.917686,"the five boxing wizards jump quickly "
novel,key pressed,3,2017-06-21 14:57:19.818907,1.757344,"t"
novel,key pressed,3,2017-06-21 14:57:20.871203,1.052270,"b"
novel,key pressed,3,2017-06-21 14:57:21.559109,0.687880," "
novel,key pressed,3,2017-06-21 14:57:21.710027,0.150889,"q"
novel,key pressed,3,2017-06-21 14:57:22.992335,1.282248,"b"
novel,word typed,3,2017-06-21 14:57:22.992496,6.483597,"ick b"
novel,key pressed,3,2017-06-21 14:57:24.034606,1.042280,"f"
novel,key pressed,3,2017-06-21 14:57:25.142469,1.107836,"j"
novel,key pressed,3,2017-06-21 14:57:26.294574,1.152075,"o"
novel,key pressed,3,2017-06-21 14:57:27.248272,0.953663,"t"
novel,key pressed,3,2017-06-21 14:57:28.511255,1.262969,"l"
novel,word typed,3,2017-06-21 14:57:28.511385,5.518886,"the l"
novel,key pressed,3,2017-06-21 14:57:29.353921,0.842637,"d"
novel,sentence typed,3,2017-06-21 14:57:30.242299,11.333923,"the quick brown fox jumps over the lazy dog "
novel,key pressed,3,2017-06-21 14:57:31.155689,1.801744,"m"
novel,key pressed,3,2017-06-21 14:57:32.251458,1.095745,"f"
novel,key pressed,3,2017-06-21 14:57:32.765114,0.513630," "
novel,key pressed,3,2017-06-21 14:57:32.856533,0.091394,"g"
novel,key pressed,3,2017-06-21 14:57:34.050231,1.193671,"w"
novel,word typed,3,2017-06-21 14:57:34.050298,5.538909,"irl w"
novel,key pressed,3,2017-06-21 14:57:35.053150,1.002892,"s"
novel,key pressed,3,2017-06-21 14:57:36.215391,1.162217,"d"
novel,key pressed,3,2017-06-21 14:57:37.484465,1.268996,"p"
novel,key pressed,3,2017-06-21 14:57:38.757416,1.272943,"j"
novel,key pressed,3,2017-06-21 14:57:39.908522,1.151080,"b"
novel,word typed,3,2017-06-21 14:57:39.908595,5.858288,"ets b"
novel,key pressed,3,2017-06-21 14:57:41.206639,1.298051,"h"
novel,key pressed,3,2017-06-21 14:57:42.530012,1.323364,"q"
novel,sentence typed,3,2017-06-21 14:57:43.421164,13.178839,"my girl wove six dozen plaid jackets before he quit "
novel,key pressed,3,2017-06-21 14:57:44.398959,1.868897,"j"
novel,key pressed,3,2017-06-21 14:57:45.453573,1.054616,"q"
novel,key pressed,3,2017-06-21 14:57:46.614652,1.161049,"r"
novel,key pressed,3,2017-06-21 14:57:48.015556,1.400881,"t"
novel,key pressed,3,2017-06-21 14:57:49.606967,1.591326,"b"
novel,word typed,3,2017-06-21 14:57:49.607123,9.698513,"hat b"
novel,key pressed,3,2017-06-21 14:57:50.718866,1.111882,"g"
novel,key pressed,3,2017-06-21 14:57:51.634222,0.915323,"a"
novel,key pressed,3,2017-06-21 14:57:52.536533,0.902288,"e"
novel,sentence typed,3,2017-06-21 14:57:53.471815,10.050629,"jim quickly realized that beautiful gowns are expensive "
novel,key pressed,3,2017-06-21 14:57:54.232341,1.695783,"t"
novel,key pressed,3,2017-06-21 14:57:54.981794,0.749386,"q"
novel,key pressed,3,2017-06-21 14:57:56.133869,1.152053,"o"
novel,key pressed,3,2017-06-21 14:57:57.178212,1.044303,"g"
novel,key pressed,3,2017-06-21 14:57:58.205428,1.027191,"j"
novel,word typed,3,2017-06-21 14:57:58.205642,8.598505,"lin j"
novel,key pressed,3,2017-06-21 14:57:59.180318,0.974864,"a"
novel,key pressed,3,2017-06-21 14:58:00.195418,1.015076,"t"
novel,key pressed,3,2017-06-21 14:58:01.162131,0.966682,"l"
novel,key pressed,3,2017-06-21 14:58:02.199534,1.037383,"d"
novel,sentence typed,3,2017-06-21 14:58:03.103936,9.632093,"the quick onyx goblin jumps above the lazy dwarf "
novel,key pressed,3,2017-06-21 14:58:04.089884,1.890321,"c"
novel,key pressed,3,2017-06-21 14:58:05.109162,1.019246,"f"
novel,key pressed,3,2017-06-21 14:58:07.109243,2.000044,"b"
novel,key pressed,3,2017-06-21 14:58:08.609832,1.500575,"m"
novel,key pressed,3,2017-06-21 14:58:09.800197,1.190338,"v"
novel,word typed,3,2017-06-21 14:58:09.800322,11.594629,"any v"
novel,key pressed,3,2017-06-21 14:58:10.811245,1.011029,"e"
novel,key pressed,3,2017-06-21 14:58:12.386368,1.575093,"o"
novel,key pressed,3,2017-06-21 14:58:13.496341,1.109943,"j"
novel,sentence typed,3,2017-06-21 14:58:14.342138,11.238174,"crazy Frederick bought many very exquisite opal jewels "
novel,test finished,3,2017-06-21 14:58:14.342621,71.051616,
default,key pressed,3,2017-06-21 14:59:06.262498,0.000018,"j"
default,key pressed,3,2017-06-21 14:59:06.430248,0.167720,"a"
default,key pressed,3,2017-06-21 14:59:06.807854,0.377584,"c"
default,key pressed,3,2017-06-21 14:59:07.055566,0.247686,"k"
default,key pressed,3,2017-06-21 14:59:07.315410,0.259819,"d"
default,word typed,3,2017-06-21 14:59:07.315476,1.053002,"jackd"
default,key pressed,3,2017-06-21 14:59:07.743226,0.427790,"a"
default,key pressed,3,2017-06-21 14:59:08.106963,0.363714,"w"
default,key pressed,3,2017-06-21 14:59:08.482606,0.375617,"s"
default,key pressed,3,2017-06-21 14:59:08.666947,0.184282," "
default,key pressed,3,2017-06-21 14:59:09.279258,0.612305,"l"
default,word typed,3,2017-06-21 14:59:09.279323,1.963841,"aws l"
default,key pressed,3,2017-06-21 14:59:09.761639,0.482356,"o"
default,key pressed,3,2017-06-21 14:59:09.970967,0.209296,"v"
default,key pressed,3,2017-06-21 14:59:10.261143,0.290153,"e"
default,key pressed,3,2017-06-21 14:59:10.433365,0.172198," "
default,key pressed,3,2017-06-21 14:59:10.950847,0.517454,"m"
default,word typed,3,2017-06-21 14:59:10.950936,1.671606,"ove m"
default,key pressed,3,2017-06-21 14:59:11.138260,0.187388,"y"
default,key pressed,3,2017-06-21 14:59:11.375655,0.237369," "
default,key pressed,3,2017-06-21 14:59:11.592365,0.216682,"b"
default,key pressed,3,2017-06-21 14:59:11.786773,0.194384,"i"
default,key pressed,3,2017-06-21 14:59:12.055812,0.269013,"g"
default,word typed,3,2017-06-21 14:59:12.055877,1.104938,"y big"
default,key pressed,3,2017-06-21 14:59:12.211730,0.155890," "
default,key pressed,3,2017-06-21 14:59:12.574399,0.362639,"s"
default,key pressed,3,2017-06-21 14:59:12.789953,0.215529,"p"
default,key pressed,3,2017-06-21 14:59:13.848268,1.058291,"i"
default,key pressed,3,2017-06-21 14:59:14.042576,0.194283,"n"
default,word typed,3,2017-06-21 14:59:14.042640,1.986757," spin"
default,key pressed,3,2017-06-21 14:59:14.419101,0.376498,"x"
default,key pressed,3,2017-06-21 14:59:14.887712,0.468586," "
default,key pressed,3,2017-06-21 14:59:15.135441,0.247701,"o"
default,key pressed,3,2017-06-21 14:59:15.341913,0.206447,"f"
default,key pressed,3,2017-06-21 14:59:15.581595,0.239653," "
default,word typed,3,2017-06-21 14:59:15.581662,1.539017,"x of "
default,key pressed,3,2017-06-21 14:59:16.405349,0.823730,"q"
default,key pressed,3,2017-06-21 14:59:16.609574,0.204200,"u"
default,key pressed,3,2017-06-21 14:59:16.856516,0.246916,"a"
default,key pressed,3,2017-06-21 14:59:16.995509,0.138968,"r"
default,key pressed,3,2017-06-21 14:59:17.200813,0.205279,"t"
default,word typed,3,2017-06-21 14:59:17.200878,1.619210,"quart"
default,key pressed,3,2017-06-21 14:59:17.705512,0.504676,"g"
default,key pressed,3,2017-06-21 14:59:18.151652,0.446083,"t"
default,key pressed,3,2017-06-21 14:59:18.309512,0.157840,"t"
default,sentence typed,3,2017-06-21 14:59:18.503062,12.240549,"jackdaws love my big spinx of quartt"
default,key pressed,3,2017-06-21 14:59:19.632061,1.322523,"t"
default,key pressed,3,2017-06-21 14:59:19.790933,0.158842,"h"
default,key pressed,3,2017-06-21 14:59:20.004676,0.213716,"e"
default,key pressed,3,2017-06-21 14:59:20.120482,0.115779," "
default,key pressed,3,2017-06-21 14:59:20.364250,0.243733,"f"
default,word typed,3,2017-06-21 14:59:20.364328,3.163440,"the f"
default,key pressed,3,2017-06-21 14:59:20.583755,0.219484,"i"
default,key pressed,3,2017-06-21 14:59:20.758765,0.174984,"v"
default,key pressed,3,2017-06-21 14:59:20.915106,0.156309,"e"
default,key pressed,3,2017-06-21 14:59:21.971438,1.056306," "
default,key pressed,3,2017-06-21 14:59:22.204939,0.233476,"b"
default,word typed,3,2017-06-21 14:59:22.205006,1.840675,"ive b"
default,key pressed,3,2017-06-21 14:59:22.414564,0.209552,"o"
default,key pressed,3,2017-06-21 14:59:22.617050,0.202461,"x"
default,key pressed,3,2017-06-21 14:59:22.876840,0.259763,"i"
default,key pressed,3,2017-06-21 14:59:23.286718,0.409852,"n"
default,key pressed,3,2017-06-21 14:59:23.575715,0.288931,"g"
default,word typed,3,2017-06-21 14:59:23.575792,1.370779,"oxing"
default,key pressed,3,2017-06-21 14:59:23.672470,0.096767," "
default,key pressed,3,2017-06-21 14:59:23.951355,0.278858,"w"
default,key pressed,3,2017-06-21 14:59:24.235522,0.284110,"i"
default,key pressed,3,2017-06-21 14:59:24.878860,0.643299,"z"
default,key pressed,3,2017-06-21 14:59:25.118654,0.239771,"a"
default,word typed,3,2017-06-21 14:59:25.118718,1.542920," wiza"
default,key pressed,3,2017-06-21 14:59:25.291820,0.173138,"r"
default,key pressed,3,2017-06-21 14:59:25.663490,0.371623,"d"
default,key pressed,3,2017-06-21 14:59:25.956502,0.292973,"s"
default,key pressed,3,2017-06-21 14:59:26.149816,0.193292," "
default,key pressed,3,2017-06-21 14:59:26.373383,0.223541,"j"
default,word typed,3,2017-06-21 14:59:26.373448,1.254725,"rds j"
default,key pressed,3,2017-06-21 14:59:26.630286,0.256877,"u"
default,key pressed,3,2017-06-21 14:59:27.021968,0.391658,"m"
default,key pressed,3,2017-06-21 14:59:27.350328,0.328334,"p"
default,key pressed,3,2017-06-21 14:59:27.789425,0.439071," "
default,key pressed,3,2017-06-21 14:59:28.248756,0.459304,"q"
default,word typed,3,2017-06-21 14:59:28.248823,1.875369,"ump q"
default,key pressed,3,2017-06-21 14:59:28.478306,0.229525,"u"
default,key pressed,3,2017-06-21 14:59:28.816661,0.338329,"i"
default,key pressed,3,2017-06-21 14:59:29.385615,0.568928,"c"
default,key pressed,3,2017-06-21 14:59:29.719016,0.333379,"k"
default,key pressed,3,2017-06-21 14:59:30.232689,0.513615,"l"
default,word typed,3,2017-06-21 14:59:30.232758,1.983928,"uickl"
default,key pressed,3,2017-06-21 14:59:30.683183,0.450471,"y"
default,sentence typed,3,2017-06-21 14:59:31.118904,12.615812,"the five boxing wizards jump quickly"
default,key pressed,3,2017-06-21 14:59:31.874058,1.190850,"t"
default,key pressed,3,2017-06-21 14:59:32.328364,0.454250,"h"
default,key pressed,3,2017-06-21 14:59:32.491514,0.163105,"e"
default,key pressed,3,2017-06-21 14:59:32.667749,0.176220," "
default,key pressed,3,2017-06-21 14:59:33.235685,0.567908,"q"
default,word typed,3,2017-06-21 14:59:33.235753,3.002990,"the q"
default,key pressed,3,2017-06-21 14:59:33.504819,0.269107,"u"
default,key pressed,3,2017-06-21 14:59:33.883234,0.378392,"i"
default,key pressed,3,2017-06-21 14:59:34.230710,0.347448,"c"
default,key pressed,3,2017-06-21 14:59:34.526679,0.295942,"k"
default,key pressed,3,2017-06-21 14:59:35.230765,0.704058," "
default,word typed,3,2017-06-21 14:59:35.230832,1.995074,"uick "
default,key pressed,3,2017-06-21 14:59:35.517531,0.286678,"b"
default,key pressed,3,2017-06-21 14:59:35.724217,0.206664,"r"
default,key pressed,3,2017-06-21 14:59:35.931700,0.207454,"o"
default,key pressed,3,2017-06-21 14:59:36.289224,0.357497,"w"
default,key pressed,3,2017-06-21 14:59:36.793722,0.504474,"n"
default,word typed,3,2017-06-21 14:59:36.793792,1.562952,"brown"
default,key pressed,3,2017-06-21 14:59:36.957900,0.164152," "
default,key pressed,3,2017-06-21 14:59:37.832079,0.874155,"f"
default,key pressed,3,2017-06-21 14:59:38.066690,0.234585,"o"
default,key pressed,3,2017-06-21 14:59:38.338622,0.271908,"x"
default,key pressed,3,2017-06-21 14:59:38.785787,0.447133," "
default,word typed,3,2017-06-21 14:59:38.785858,1.992060," fox "
default,key pressed,3,2017-06-21 14:59:39.310500,0.524687,"j"
default,key pressed,3,2017-06-21 14:59:39.499708,0.189184,"u"
default,key pressed,3,2017-06-21 14:59:39.745521,0.245789,"m"
default,key pressed,3,2017-06-21 14:59:40.009205,0.263658,"p"
default,key pressed,3,2017-06-21 14:59:41.239098,1.229868," "
default,word typed,3,2017-06-21 14:59:41.239163,2.453301,"jump "
default,key pressed,3,2017-06-21 14:59:41.522553,0.283420,"o"
default,key pressed,3,2017-06-21 14:59:41.747611,0.225036,"v"
default,key pressed,3,2017-06-21 14:59:41.974202,0.226548,"e"
default,key pressed,3,2017-06-21 14:59:42.155331,0.181107,"r"
default,key pressed,3,2017-06-21 14:59:42.396109,0.240741," "
default,word typed,3,2017-06-21 14:59:42.396176,1.157006,"over "
default,key pressed,3,2017-06-21 14:59:42.593594,0.197461,"t"
default,key pressed,3,2017-06-21 14:59:42.725316,0.131692,"h"
default,key pressed,3,2017-06-21 14:59:43.201872,0.476531,"e"
default,key pressed,3,2017-06-21 14:59:43.393174,0.191214," "
default,key pressed,3,2017-06-21 14:59:43.857474,0.464288,"l"
default,word typed,3,2017-06-21 14:59:43.857540,1.461358,"the l"
default,key pressed,3,2017-06-21 14:59:44.000454,0.142953,"a"
default,key pressed,3,2017-06-21 14:59:44.355926,0.355437,"z"
default,key pressed,3,2017-06-21 14:59:44.789091,0.433139,"y"
default,key pressed,3,2017-06-21 14:59:44.986327,0.197207," "
default,key pressed,3,2017-06-21 14:59:45.835308,0.848957,"d"
default,word typed,3,2017-06-21 14:59:45.835408,1.977827,"azy d"
default,key pressed,3,2017-06-21 14:59:45.993441,0.158106,"o"
default,key pressed,3,2017-06-21 14:59:46.358002,0.364534,"g"
default,sentence typed,3,2017-06-21 14:59:46.643981,15.525049,"the quick brown fox jump over the lazy dog"
default,key pressed,3,2017-06-21 14:59:47.464834,1.106806,"m"
default,key pressed,3,2017-06-21 14:59:47.699386,0.234527,"y"
default,key pressed,3,2017-06-21 14:59:47.881694,0.182281," "
default,key pressed,3,2017-06-21 14:59:48.327856,0.446138,"g"
default,key pressed,3,2017-06-21 14:59:48.629021,0.301116,"r"
default,word typed,3,2017-06-21 14:59:48.629088,2.793699,"my gr"
default,key pressed,3,2017-06-21 14:59:48.779063,0.150017,"i"
default,key pressed,3,2017-06-21 14:59:49.076099,0.296984,"l"
default,key pressed,3,2017-06-21 14:59:50.102400,1.026280,"i"
default,key pressed,3,2017-06-21 14:59:50.282495,0.180066,"r"
default,key pressed,3,2017-06-21 14:59:50.421628,0.139109,"g"
default,word typed,3,2017-06-21 14:59:50.421693,1.792599,"my g"
default,key pressed,3,2017-06-21 14:59:50.682428,0.260777,"i"
default,key pressed,3,2017-06-21 14:59:50.832426,0.149968,"r"
default,key pressed,3,2017-06-21 14:59:51.033932,0.201479,"l"
default,key pressed,3,2017-06-21 14:59:51.484037,0.450079," "
default,key pressed,3,2017-06-21 14:59:52.507376,1.023314,"w"
default,word typed,3,2017-06-21 14:59:52.507442,2.085744,"irl w"
default,key pressed,3,2017-06-21 14:59:52.643075,0.135671,"o"
default,key pressed,3,2017-06-21 14:59:52.818434,0.175333,"v"
default,key pressed,3,2017-06-21 14:59:53.063268,0.244809,"e"
default,key pressed,3,2017-06-21 14:59:53.260598,0.197302," "
default,key pressed,3,2017-06-21 14:59:53.647387,0.386735,"s"
default,word typed,3,2017-06-21 14:59:53.647453,1.140005,"ove s"
default,key pressed,3,2017-06-21 14:59:53.800312,0.152907,"i"
default,key pressed,3,2017-06-21 14:59:54.106498,0.306160,"z"
default,key pressed,3,2017-06-21 14:59:54.523562,0.417033,"i"
default,key pressed,3,2017-06-21 14:59:54.671508,0.147921,"x"
default,key pressed,3,2017-06-21 14:59:54.922156,0.250620," "
default,word typed,3,2017-06-21 14:59:54.922223,1.274765," six "
default,key pressed,3,2017-06-21 14:59:55.453973,0.531790,"d"
default,key pressed,3,2017-06-21 14:59:55.587823,0.133826,"o"
default,key pressed,3,2017-06-21 14:59:55.775302,0.187454,"z"
default,key pressed,3,2017-06-21 14:59:55.939381,0.164053,"e"
default,key pressed,3,2017-06-21 14:59:56.161990,0.222580,"n"
default,word typed,3,2017-06-21 14:59:56.162060,1.239831,"dozen"
default,key pressed,3,2017-06-21 14:59:56.557637,0.395622," "
default,key pressed,3,2017-06-21 14:59:56.799481,0.241818,"p"
default,key pressed,3,2017-06-21 14:59:57.063287,0.263780,"l"
default,key pressed,3,2017-06-21 14:59:57.231493,0.168181,"a"
default,key pressed,3,2017-06-21 14:59:57.678613,0.447074,"i"
default,word typed,3,2017-06-21 14:59:57.678680,1.516614," plai"
default,key pressed,3,2017-06-21 14:59:57.956638,0.278003,"d"
default,key pressed,3,2017-06-21 14:59:58.322232,0.365548," "
default,key pressed,3,2017-06-21 14:59:58.558902,0.236643,"j"
default,key pressed,3,2017-06-21 14:59:58.663666,0.104706,"a"
default,key pressed,3,2017-06-21 14:59:58.909266,0.245577,"c"
default,word typed,3,2017-06-21 14:59:58.909336,1.230648,"d jac"
default,key pressed,3,2017-06-21 14:59:59.109553,0.200261,"k"
default,key pressed,3,2017-06-21 14:59:59.610339,0.500762,"e"
default,key pressed,3,2017-06-21 14:59:59.825755,0.215388,"t"
default,key pressed,3,2017-06-21 15:00:00.067546,0.241766,"s"
default,key pressed,3,2017-06-21 15:00:00.306095,0.238524," "
default,word typed,3,2017-06-21 15:00:00.306160,1.396822,"kets "
default,key pressed,3,2017-06-21 15:00:00.456207,0.150072,"b"
default,key pressed,3,2017-06-21 15:00:00.604222,0.147990,"e"
default,key pressed,3,2017-06-21 15:00:00.853991,0.249741,"f"
default,key pressed,3,2017-06-21 15:00:01.043221,0.189207,"o"
default,key pressed,3,2017-06-21 15:00:01.256716,0.213469,"r"
default,word typed,3,2017-06-21 15:00:01.256782,0.950615,"befor"
default,key pressed,3,2017-06-21 15:00:01.785487,0.528743,"e"
default,key pressed,3,2017-06-21 15:00:02.026218,0.240708," "
default,key pressed,3,2017-06-21 15:00:02.995107,0.968863,"h"
default,key pressed,3,2017-06-21 15:00:03.376801,0.381664,"e"
default,key pressed,3,2017-06-21 15:00:03.527798,0.150973," "
default,word typed,3,2017-06-21 15:00:03.527864,2.271077,"e he "
default,key pressed,3,2017-06-21 15:00:04.124990,0.597165,"q"
default,key pressed,3,2017-06-21 15:00:04.331392,0.206378,"u"
default,key pressed,3,2017-06-21 15:00:04.481516,0.150097,"i"
default,key pressed,3,2017-06-21 15:00:04.909348,0.427805,"t"
default,sentence typed,3,2017-06-21 15:00:05.086653,18.442645,"my girl wove six dozen plaid jackets before he quit"
default,key pressed,3,2017-06-21 15:00:06.015276,1.105874,"j"
default,key pressed,3,2017-06-21 15:00:06.224794,0.209494,"i"
default,key pressed,3,2017-06-21 15:00:06.772649,0.547831,"m"
default,key pressed,3,2017-06-21 15:00:07.020380,0.247707," "
default,key pressed,3,2017-06-21 15:00:07.479599,0.459192,"q"
default,word typed,3,2017-06-21 15:00:07.479666,3.951796,"jim q"
default,key pressed,3,2017-06-21 15:00:07.608600,0.128950,"u"
default,key pressed,3,2017-06-21 15:00:07.749391,0.140769,"i"
default,key pressed,3,2017-06-21 15:00:08.071791,0.322352,"c"
default,key pressed,3,2017-06-21 15:00:08.267947,0.196148,"k"
default,key pressed,3,2017-06-21 15:00:08.416856,0.148882,"l"
default,word typed,3,2017-06-21 15:00:08.416925,0.937253,"uickl"
default,key pressed,3,2017-06-21 15:00:08.664924,0.248042,"y"
default,key pressed,3,2017-06-21 15:00:08.851224,0.186278," "
default,key pressed,3,2017-06-21 15:00:09.052667,0.201416,"r"
default,key pressed,3,2017-06-21 15:00:09.147366,0.094674,"e"
default,key pressed,3,2017-06-21 15:00:09.341579,0.194160,"a"
default,word typed,3,2017-06-21 15:00:09.341653,0.924720,"y rea"
default,key pressed,3,2017-06-21 15:00:09.559309,0.217729,"l"
default,key pressed,3,2017-06-21 15:00:09.766751,0.207406,"i"
default,key pressed,3,2017-06-21 15:00:10.569407,0.802641,"z"
default,key pressed,3,2017-06-21 15:00:10.765713,0.196280,"e"
default,key pressed,3,2017-06-21 15:00:11.184603,0.418856,"d"
default,word typed,3,2017-06-21 15:00:11.184703,1.843043,"lized"
default,key pressed,3,2017-06-21 15:00:11.340752,0.156134," "
default,key pressed,3,2017-06-21 15:00:11.667076,0.326297,"t"
default,key pressed,3,2017-06-21 15:00:11.803809,0.136707,"h"
default,key pressed,3,2017-06-21 15:00:11.972042,0.168205,"a"
default,key pressed,3,2017-06-21 15:00:12.353855,0.381743,"t"
default,word typed,3,2017-06-21 15:00:12.353931,1.169220," that"
default,key pressed,3,2017-06-21 15:00:12.499717,0.145872," "
default,key pressed,3,2017-06-21 15:00:13.109218,0.609483,"b"
default,key pressed,3,2017-06-21 15:00:13.255225,0.145982,"e"
default,key pressed,3,2017-06-21 15:00:13.430517,0.175251,"a"
default,key pressed,3,2017-06-21 15:00:13.738620,0.308081,"u"
default,word typed,3,2017-06-21 15:00:13.738685,1.384750," beau"
default,key pressed,3,2017-06-21 15:00:14.049832,0.311186,"t"
default,key pressed,3,2017-06-21 15:00:14.268389,0.218527,"i"
default,key pressed,3,2017-06-21 15:00:14.584697,0.316280,"f"
default,key pressed,3,2017-06-21 15:00:14.937099,0.352376,"u"
default,key pressed,3,2017-06-21 15:00:15.278240,0.341116,"l"
default,word typed,3,2017-06-21 15:00:15.278350,1.539656,"tiful"
default,key pressed,3,2017-06-21 15:00:15.657107,0.378842," "
default,key pressed,3,2017-06-21 15:00:15.934002,0.276862,"g"
default,key pressed,3,2017-06-21 15:00:16.117218,0.183192,"o"
default,key pressed,3,2017-06-21 15:00:16.380170,0.262924,"w"
default,key pressed,3,2017-06-21 15:00:16.712409,0.332214,"n"
default,word typed,3,2017-06-21 15:00:16.712477,1.434123," gown"
default,key pressed,3,2017-06-21 15:00:16.940107,0.227664,"s"
default,key pressed,3,2017-06-21 15:00:17.116411,0.176278," "
default,key pressed,3,2017-06-21 15:00:17.552506,0.436070,"r"
default,key pressed,3,2017-06-21 15:00:17.724707,0.172170,"e"
default,key pressed,3,2017-06-21 15:00:18.263639,0.538897,"r"
default,word typed,3,2017-06-21 15:00:18.263707,1.551224,"wns r"
default,key pressed,3,2017-06-21 15:00:18.449817,0.186097," "
default,key pressed,3,2017-06-21 15:00:18.598843,0.149004,"a"
default,key pressed,3,2017-06-21 15:00:18.784244,0.185350,"r"
default,key pressed,3,2017-06-21 15:00:18.968285,0.184013,"e"
default,key pressed,3,2017-06-21 15:00:19.170819,0.202510," "
default,word typed,3,2017-06-21 15:00:19.170883,0.907172," are "
default,key pressed,3,2017-06-21 15:00:19.463932,0.293066,"e"
default,key pressed,3,2017-06-21 15:00:19.788168,0.324216,"x"
default,key pressed,3,2017-06-21 15:00:19.927967,0.139772,"p"
default,key pressed,3,2017-06-21 15:00:20.072078,0.144083,"e"
default,key pressed,3,2017-06-21 15:00:20.234475,0.162369,"n"
default,word typed,3,2017-06-21 15:00:20.234545,1.063654,"expen"
default,key pressed,3,2017-06-21 15:00:20.451919,0.217417,"s"
default,key pressed,3,2017-06-21 15:00:20.613851,0.161906,"i"
default,key pressed,3,2017-06-21 15:00:20.922111,0.308236,"v"
default,key pressed,3,2017-06-21 15:00:21.022844,0.100708,"e"
default,sentence typed,3,2017-06-21 15:00:21.483127,16.396447,"jim quickly realized that beautiful gowns are expensive"
default,key pressed,3,2017-06-21 15:00:22.213217,1.190346,"t"
default,key pressed,3,2017-06-21 15:00:22.380480,0.167237,"h"
default,key pressed,3,2017-06-21 15:00:22.518310,0.137800,"e"
default,key pressed,3,2017-06-21 15:00:22.688630,0.170300," "
default,key pressed,3,2017-06-21 15:00:23.201163,0.512503,"q"
default,word typed,3,2017-06-21 15:00:23.201227,2.966676,"the q"
default,key pressed,3,2017-06-21 15:00:23.379416,0.178227,"u"
default,key pressed,3,2017-06-21 15:00:23.525572,0.146125,"i"
default,key pressed,3,2017-06-21 15:00:23.850777,0.325180,"c"
default,key pressed,3,2017-06-21 15:00:24.071321,0.220517,"k"
default,key pressed,3,2017-06-21 15:00:24.512790,0.441430," "
default,word typed,3,2017-06-21 15:00:24.512881,1.311641,"uick "
default,key pressed,3,2017-06-21 15:00:24.845677,0.332866,"o"
default,key pressed,3,2017-06-21 15:00:25.094497,0.248796,"n"
default,key pressed,3,2017-06-21 15:00:25.665631,0.571108,"y"
default,key pressed,3,2017-06-21 15:00:25.956583,0.290925,"x"
default,key pressed,3,2017-06-21 15:00:26.179120,0.222512," "
default,word typed,3,2017-06-21 15:00:26.179184,1.666302,"onyx "
default,key pressed,3,2017-06-21 15:00:26.552829,0.373684,"g"
default,key pressed,3,2017-06-21 15:00:26.721909,0.169051,"o"
default,key pressed,3,2017-06-21 15:00:27.130813,0.408883,"b"
default,key pressed,3,2017-06-21 15:00:27.286962,0.156119,"l"
default,key pressed,3,2017-06-21 15:00:27.500466,0.213478,"i"
default,word typed,3,2017-06-21 15:00:27.500532,1.321344,"gobli"
default,key pressed,3,2017-06-21 15:00:27.720012,0.219522,"n"
default,key pressed,3,2017-06-21 15:00:28.010093,0.290014," "
default,key pressed,3,2017-06-21 15:00:28.239648,0.229566,"j"
default,key pressed,3,2017-06-21 15:00:28.462510,0.222835,"u"
default,key pressed,3,2017-06-21 15:00:28.795595,0.333060,"m"
default,word typed,3,2017-06-21 15:00:28.795662,1.295123,"n jum"
default,key pressed,3,2017-06-21 15:00:29.041176,0.245555,"p"
default,key pressed,3,2017-06-21 15:00:29.263860,0.222655,"s"
default,key pressed,3,2017-06-21 15:00:29.508720,0.244836," "
default,key pressed,3,2017-06-21 15:00:30.184343,0.675587,"a"
default,key pressed,3,2017-06-21 15:00:30.351637,0.167275,"b"
default,word typed,3,2017-06-21 15:00:30.351707,1.556038,"ps ab"
default,key pressed,3,2017-06-21 15:00:30.579149,0.227488,"o"
default,key pressed,3,2017-06-21 15:00:30.768427,0.189248,"v"
default,key pressed,3,2017-06-21 15:00:30.914558,0.146107,"e"
default,key pressed,3,2017-06-21 15:00:31.102680,0.188092," "
default,key pressed,3,2017-06-21 15:00:31.280911,0.178204,"t"
default,word typed,3,2017-06-21 15:00:31.280977,0.929265,"ove t"
default,key pressed,3,2017-06-21 15:00:31.413900,0.132962,"h"
default,key pressed,3,2017-06-21 15:00:31.565016,0.151087,"e"
default,key pressed,3,2017-06-21 15:00:31.713976,0.148924," "
default,key pressed,3,2017-06-21 15:00:31.895408,0.181367,"l"
default,key pressed,3,2017-06-21 15:00:32.001168,0.105737,"a"
default,word typed,3,2017-06-21 15:00:32.001235,0.720251,"he la"
default,key pressed,3,2017-06-21 15:00:32.234794,0.233598,"z"
default,key pressed,3,2017-06-21 15:00:32.479471,0.244652,"y"
default,key pressed,3,2017-06-21 15:00:32.688999,0.209500," "
default,key pressed,3,2017-06-21 15:00:33.040449,0.351426,"d"
default,key pressed,3,2017-06-21 15:00:33.330440,0.289964,"w"
default,word typed,3,2017-06-21 15:00:33.330505,1.329266,"zy dw"
default,key pressed,3,2017-06-21 15:00:33.467488,0.137020,"a"
default,key pressed,3,2017-06-21 15:00:33.683020,0.215508,"r"
default,key pressed,3,2017-06-21 15:00:33.964917,0.281872,"f"
default,sentence typed,3,2017-06-21 15:00:34.495506,13.012354,"the quick onyx goblin jumps above the lazy dwarf"
default,key pressed,3,2017-06-21 15:00:35.390958,1.426014,"c"
default,key pressed,3,2017-06-21 15:00:35.517820,0.126830,"c"
default,key pressed,3,2017-06-21 15:00:35.723143,0.205300,"r"
default,key pressed,3,2017-06-21 15:00:35.886524,0.163355,"a"
default,key pressed,3,2017-06-21 15:00:36.273176,0.386625,"y"
default,word typed,3,2017-06-21 15:00:36.273247,2.942734,"ccray"
default,key pressed,3,2017-06-21 15:00:36.576376,0.303176," "
default,key pressed,3,2017-06-21 15:00:36.973045,0.396643,"F"
default,key pressed,3,2017-06-21 15:00:37.291325,0.318250,"r"
default,key pressed,3,2017-06-21 15:00:37.450445,0.159063,"e"
default,key pressed,3,2017-06-21 15:00:37.731404,0.280941,"d"
default,word typed,3,2017-06-21 15:00:37.731469,1.458217," Fred"
default,key pressed,3,2017-06-21 15:00:37.981328,0.249848,"e"
default,key pressed,3,2017-06-21 15:00:38.104092,0.122746,"r"
default,key pressed,3,2017-06-21 15:00:38.352811,0.248689,"i"
default,key pressed,3,2017-06-21 15:00:38.821326,0.468421,"c"
default,key pressed,3,2017-06-21 15:00:39.076960,0.255674,"k"
default,word typed,3,2017-06-21 15:00:39.077027,1.345552,"erick"
default,key pressed,3,2017-06-21 15:00:39.438487,0.361502," "
default,key pressed,3,2017-06-21 15:00:39.605372,0.166857,"b"
default,key pressed,3,2017-06-21 15:00:39.905688,0.300293,"o"
default,key pressed,3,2017-06-21 15:00:40.252204,0.346490,"u"
default,key pressed,3,2017-06-21 15:00:40.562162,0.309931,"g"
default,word typed,3,2017-06-21 15:00:40.562226,1.485192," boug"
default,key pressed,3,2017-06-21 15:00:40.899753,0.337567,"t"
default,key pressed,3,2017-06-21 15:00:41.076024,0.176243," "
default,key pressed,3,2017-06-21 15:00:41.299543,0.223493,"m"
default,key pressed,3,2017-06-21 15:00:41.437411,0.137842,"a"
default,key pressed,3,2017-06-21 15:00:41.698317,0.260882,"n"
default,word typed,3,2017-06-21 15:00:41.698383,1.136151,"t man"
default,key pressed,3,2017-06-21 15:00:42.080074,0.381729,"y"
default,key pressed,3,2017-06-21 15:00:42.249188,0.169087," "
default,key pressed,3,2017-06-21 15:00:42.482666,0.233456,"v"
default,key pressed,3,2017-06-21 15:00:42.726523,0.243832,"e"
default,key pressed,3,2017-06-21 15:00:42.859561,0.133008,"r"
default,word typed,3,2017-06-21 15:00:42.859633,1.161243,"y ver"
default,key pressed,3,2017-06-21 15:00:43.337880,0.478293,"y"
default,key pressed,3,2017-06-21 15:00:43.446696,0.108792," "
default,key pressed,3,2017-06-21 15:00:43.664184,0.217460,"e"
default,key pressed,3,2017-06-21 15:00:43.960194,0.295982,"s"
default,key pressed,3,2017-06-21 15:00:44.286617,0.326391,"q"
default,word typed,3,2017-06-21 15:00:44.286698,1.427053,"y esq"
default,key pressed,3,2017-06-21 15:00:44.570483,0.283846,"u"
default,key pressed,3,2017-06-21 15:00:44.854612,0.284099,"i"
default,key pressed,3,2017-06-21 15:00:45.224212,0.369541,"s"
default,key pressed,3,2017-06-21 15:00:45.374186,0.149983,"i"
default,key pressed,3,2017-06-21 15:00:45.581684,0.207470,"t"
default,word typed,3,2017-06-21 15:00:45.581750,1.295050,"uisit"
default,key pressed,3,2017-06-21 15:00:45.734763,0.153055,"e"
default,key pressed,3,2017-06-21 15:00:46.042930,0.308141," "
default,key pressed,3,2017-06-21 15:00:46.275570,0.232613,"o"
default,key pressed,3,2017-06-21 15:00:46.524292,0.248687,"p"
default,key pressed,3,2017-06-21 15:00:46.744912,0.220584,"a"
default,word typed,3,2017-06-21 15:00:46.744980,1.163224,"e opa"
default,key pressed,3,2017-06-21 15:00:47.208189,0.463252,"l"
default,key pressed,3,2017-06-21 15:00:47.460838,0.252624," "
default,key pressed,3,2017-06-21 15:00:47.793240,0.332378,"j"
default,key pressed,3,2017-06-21 15:00:47.952373,0.159107,"e"
default,key pressed,3,2017-06-21 15:00:48.245468,0.293069,"w"
default,word typed,3,2017-06-21 15:00:48.245533,1.500547,"l jew"
default,key pressed,3,2017-06-21 15:00:48.433761,0.188268,"e"
default,key pressed,3,2017-06-21 15:00:48.669329,0.235540,"l"
default,key pressed,3,2017-06-21 15:00:48.837362,0.168007,"s"
default,sentence typed,3,2017-06-21 15:00:49.192032,14.696497,"ccray Frederick bougt many very esquisite opal jewels"
default,test finished,3,2017-06-21 15:00:49.192148,102.929706,
